unit,players,type,toi_sec,toi_min,gf,ga,sf,sa,xgf,xga,gf_pct,sf_pct,xgf_pct,team,complementarity,pass_links,pass_links_per60,chemistry_index
LaCombe-Trouba,"['LaCombe Jackson', 'Trouba Jacob']",pairing,66727,1112.1,93,99,849,735,49.83,45.25,48.4,53.6,52.4,Anaheim Ducks,3485.544,535,28.86,-0.106
Trouba-Zellweger,"['Trouba Jacob', 'Zellweger Olen']",pairing,27974,466.2,37,34,337,257,19.24,16.71,52.1,56.7,53.5,Anaheim Ducks,2982.213,191,24.58,-0.241
Gudas-Zellweger,"['Gudas Radko', 'Zellweger Olen']",pairing,23250,387.5,20,23,229,209,12.93,13.06,46.5,52.3,49.7,Anaheim Ducks,2698.591,159,24.62,-0.263
Helleson-Mintyukov,"['Helleson Drew', 'Mintyukov Pavel']",pairing,22319,372.0,28,17,243,191,13.8,12.05,62.2,56.0,53.4,Anaheim Ducks,2147.457,158,25.49,-0.29
Mintyukov-Moore,"['Mintyukov Pavel', 'Moore Ian']",pairing,21775,362.9,26,26,234,185,13.82,11.21,50.0,55.8,55.2,Anaheim Ducks,2311.632,131,21.66,-0.36
Helleson-LaCombe,"['Helleson Drew', 'LaCombe Jackson']",pairing,20879,348.0,17,30,250,256,14.13,16.61,36.2,49.4,46.0,Anaheim Ducks,3567.038,166,28.62,-0.104
Carlson-Mintyukov,"['Carlson John', 'Mintyukov Pavel']",pairing,19870,331.2,13,16,142,133,8.09,8.33,44.8,51.6,49.3,Anaheim Ducks,4650.297,124,22.47,-0.149
Moore-Zellweger,"['Moore Ian', 'Zellweger Olen']",pairing,12954,215.9,8,14,75,73,3.96,4.79,36.4,50.7,45.3,Anaheim Ducks,3166.596,75,20.84,-0.307
LaCombe-Moore,"['LaCombe Jackson', 'Moore Ian']",pairing,12647,210.8,10,5,88,79,5.24,4.94,66.7,52.7,51.4,Anaheim Ducks,3693.973,88,25.05,-0.172
Gudas-Mintyukov,"['Gudas Radko', 'Mintyukov Pavel']",pairing,11234,187.2,15,8,111,120,6.84,7.63,65.2,48.1,47.3,Anaheim Ducks,1931.605,84,26.92,-0.276
Gudas-LaCombe,"['Gudas Radko', 'LaCombe Jackson']",pairing,10806,180.1,14,15,115,117,7.62,7.13,48.3,49.6,51.6,Anaheim Ducks,3151.962,53,17.66,-0.378
Moore-Trouba,"['Moore Ian', 'Trouba Jacob']",pairing,9266,154.4,3,5,40,35,1.9,2.22,37.5,53.3,46.2,Anaheim Ducks,2520.452,24,9.32,-0.612
Mintyukov-Trouba,"['Mintyukov Pavel', 'Trouba Jacob']",pairing,8845,147.4,10,13,61,61,3.54,3.47,43.5,50.0,50.5,Anaheim Ducks,2112.093,92,37.44,-0.032
Helleson-Zellweger,"['Helleson Drew', 'Zellweger Olen']",pairing,7215,120.2,9,3,59,63,3.47,3.77,75.0,48.4,47.9,Anaheim Ducks,3050.781,48,23.95,-0.249
Helleson-Hinds,"['Helleson Drew', 'Hinds Tyson']",pairing,6403,106.7,4,11,78,85,3.61,5.54,26.7,47.9,39.4,Anaheim Ducks,2127.718,31,17.43,-0.467
Gudas-Moore,"['Gudas Radko', 'Moore Ian']",pairing,6041,100.7,4,9,63,78,3.12,5.28,30.8,44.7,37.1,Anaheim Ducks,2293.888,26,15.49,-0.496
Helleson-Moore,"['Helleson Drew', 'Moore Ian']",pairing,5877,98.0,9,13,118,99,7.22,6.42,40.9,54.4,52.9,Anaheim Ducks,2569.892,21,12.86,-0.531
Carlson-Moore,"['Carlson John', 'Moore Ian']",pairing,4351,72.5,6,3,25,27,1.57,1.6,66.7,48.1,49.4,Anaheim Ducks,5432.305,26,21.51,-0.106
Carlson-LaCombe,"['Carlson John', 'LaCombe Jackson']",pairing,4052,67.5,1,3,18,23,0.93,1.51,25.0,43.9,38.3,Anaheim Ducks,7300.107,40,35.54,0.355
Carlson-Zellweger,"['Carlson John', 'Zellweger Olen']",pairing,3197,53.3,3,3,40,24,1.93,1.13,50.0,62.5,63.2,Anaheim Ducks,6264.669,21,23.65,0.01
Hinds-Moore,"['Hinds Tyson', 'Moore Ian']",pairing,2125,35.4,1,1,18,21,0.88,1.14,50.0,46.2,43.5,Anaheim Ducks,2247.795,9,15.25,-0.505
Carlson-Hinds,"['Carlson John', 'Hinds Tyson']",pairing,1513,25.2,1,5,33,28,1.7,1.54,16.7,54.1,52.5,Anaheim Ducks,4483.591,10,23.79,-0.134
Gudas-Helleson,"['Gudas Radko', 'Helleson Drew']",pairing,1309,21.8,0,0,3,3,0.13,0.21,,50.0,37.0,Anaheim Ducks,2137.628,9,24.75,
Gudas-Hinds,"['Gudas Radko', 'Hinds Tyson']",pairing,1110,18.5,1,0,5,4,0.32,0.18,100.0,55.6,63.9,Anaheim Ducks,1897.332,6,19.46,-0.442
Hinds-Trouba,"['Hinds Tyson', 'Trouba Jacob']",pairing,1001,16.7,2,0,14,25,0.73,1.68,100.0,35.9,30.2,Anaheim Ducks,2086.031,4,14.39,-0.537
LaCombe-Zellweger,"['LaCombe Jackson', 'Zellweger Olen']",pairing,745,12.4,0,0,1,1,0.06,0.06,,50.0,52.1,Anaheim Ducks,4222.146,7,33.83,
Hinds-Warren,"['Hinds Tyson', 'Warren Noah']",pairing,691,11.5,0,0,4,3,0.12,0.19,,57.1,39.9,Anaheim Ducks,,0,0.0,
Gudas-Trouba,"['Gudas Radko', 'Trouba Jacob']",pairing,637,10.6,0,0,0,0,0.0,0.0,,,,Anaheim Ducks,2101.308,3,16.95,
Mintyukov-Zellweger,"['Mintyukov Pavel', 'Zellweger Olen']",pairing,499,8.3,0,0,0,0,0.0,0.0,,,,Anaheim Ducks,2726.109,8,57.72,
Carlson-Helleson,"['Carlson John', 'Helleson Drew']",pairing,403,6.7,1,0,6,3,0.25,0.18,100.0,66.7,58.1,Anaheim Ducks,5189.475,6,53.6,0.575
Helleson-Trouba,"['Helleson Drew', 'Trouba Jacob']",pairing,366,6.1,0,0,0,0,0.0,0.0,,,,Anaheim Ducks,2331.513,2,19.67,
LaCombe-Mintyukov,"['LaCombe Jackson', 'Mintyukov Pavel']",pairing,357,6.0,0,0,0,0,0.0,0.0,,,,Anaheim Ducks,3185.002,1,10.08,
Carlson-Trouba,"['Carlson John', 'Trouba Jacob']",pairing,313,5.2,0,0,1,0,0.03,0.0,,100.0,100.0,Anaheim Ducks,5079.993,2,23.0,
Hinds-Zellweger,"['Hinds Tyson', 'Zellweger Olen']",pairing,216,3.6,0,0,0,0,0.0,0.0,,,,Anaheim Ducks,2611.629,2,33.33,
LaCombe-Warren,"['LaCombe Jackson', 'Warren Noah']",pairing,107,1.8,0,0,0,1,0.0,0.15,,0.0,0.0,Anaheim Ducks,,0,0.0,
Peeke-Zadorov,"['Peeke Andrew', 'Zadorov Nikita']",pairing,35553,592.5,50,48,380,440,22.34,28.17,51.0,46.3,44.2,Boston Bruins,2846.8,243,24.61,-0.251
Aspirot-McAvoy,"['Aspirot Jonathan', 'McAvoy Charlie']",pairing,34707,578.5,52,40,475,504,27.78,30.04,56.5,48.5,48.0,Boston Bruins,3417.784,237,24.58,-0.205
Lindholm-Lohrei,"['Lindholm Hampus', 'Lohrei Mason']",pairing,22954,382.6,28,19,258,215,14.71,13.61,59.6,54.5,51.9,Boston Bruins,3849.944,181,28.39,-0.086
Lindholm-Peeke,"['Lindholm Hampus', 'Peeke Andrew']",pairing,22757,379.3,26,33,265,288,14.79,16.79,44.1,47.9,46.8,Boston Bruins,3437.748,170,26.89,-0.153
McAvoy-Zadorov,"['McAvoy Charlie', 'Zadorov Nikita']",pairing,21428,357.1,24,22,184,191,10.96,11.32,52.2,49.1,49.2,Boston Bruins,3894.396,163,27.38,-0.104
Jokiharju-Zadorov,"['Jokiharju Henri', 'Zadorov Nikita']",pairing,20339,339.0,24,20,167,186,10.43,11.55,54.5,47.3,47.5,Boston Bruins,2653.468,100,17.7,-0.418
Lohrei-Peeke,"['Lohrei Mason', 'Peeke Andrew']",pairing,15410,256.8,17,13,129,146,7.38,8.79,56.7,46.9,45.7,Boston Bruins,2804.202,140,32.71,-0.078
Lohrei-McAvoy,"['Lohrei Mason', 'McAvoy Charlie']",pairing,11123,185.4,11,5,60,77,3.2,4.92,68.8,43.8,39.4,Boston Bruins,3810.723,64,20.71,-0.257
Lindholm-McAvoy,"['Lindholm Hampus', 'McAvoy Charlie']",pairing,10797,179.9,14,11,79,107,4.93,6.76,56.0,42.5,42.2,Boston Bruins,4652.581,92,30.68,0.03
Jokiharju-Lindholm,"['Jokiharju Henri', 'Lindholm Hampus']",pairing,10741,179.0,7,7,56,80,3.17,4.84,50.0,41.2,39.6,Boston Bruins,3184.669,65,21.79,-0.285
Aspirot-Zadorov,"['Aspirot Jonathan', 'Zadorov Nikita']",pairing,9486,158.1,11,9,136,141,7.81,9.46,55.0,49.1,45.2,Boston Bruins,2818.564,52,19.73,-0.36
Aspirot-Jokiharju,"['Aspirot Jonathan', 'Jokiharju Henri']",pairing,5638,94.0,4,5,51,79,2.8,4.4,44.4,39.2,38.9,Boston Bruins,2295.916,32,20.43,-0.388
Aspirot-Lohrei,"['Aspirot Jonathan', 'Lohrei Mason']",pairing,5047,84.1,3,4,26,35,1.25,2.08,42.9,42.6,37.6,Boston Bruins,2789.986,29,20.69,-0.341
Jokiharju-Lohrei,"['Jokiharju Henri', 'Lohrei Mason']",pairing,4102,68.4,1,1,39,32,2.31,1.97,50.0,54.9,53.9,Boston Bruins,2603.843,40,35.1,-0.042
Lohrei-Zadorov,"['Lohrei Mason', 'Zadorov Nikita']",pairing,3975,66.2,6,6,30,49,1.58,2.7,50.0,38.0,37.0,Boston Bruins,3211.835,25,22.64,-0.264
Harris-Peeke,"['Harris Jordan', 'Peeke Andrew']",pairing,3943,65.7,8,5,36,46,2.65,2.76,61.5,43.9,49.0,Boston Bruins,1955.065,22,20.09,-0.423
Aspirot-Lindholm,"['Aspirot Jonathan', 'Lindholm Hampus']",pairing,3802,63.4,1,2,25,18,1.32,1.03,33.3,58.1,56.2,Boston Bruins,3430.541,30,28.41,-0.12
Aspirot-Peeke,"['Aspirot Jonathan', 'Peeke Andrew']",pairing,3580,59.7,4,2,21,30,1.45,1.81,66.7,41.2,44.6,Boston Bruins,2415.928,30,30.17,-0.165
Lindholm-Zadorov,"['Lindholm Hampus', 'Zadorov Nikita']",pairing,3218,53.6,0,2,19,30,0.91,1.95,0.0,38.8,31.8,Boston Bruins,3930.186,19,21.26,-0.235
Aspirot-Harris,"['Aspirot Jonathan', 'Harris Jordan']",pairing,3085,51.4,2,5,34,28,2.33,2.06,28.6,54.8,53.0,Boston Bruins,1950.308,8,9.34,-0.658
McAvoy-Peeke,"['McAvoy Charlie', 'Peeke Andrew']",pairing,1685,28.1,1,0,4,8,0.2,0.37,100.0,33.3,35.6,Boston Bruins,3413.55,8,17.09,-0.369
Jokiharju-McAvoy,"['Jokiharju Henri', 'McAvoy Charlie']",pairing,1156,19.3,0,0,4,1,0.23,0.04,,80.0,86.0,Boston Bruins,3153.943,4,12.46,
Harris-Lindholm,"['Harris Jordan', 'Lindholm Hampus']",pairing,1136,18.9,2,3,11,24,0.64,1.56,40.0,31.4,29.2,Boston Bruins,2676.024,13,41.2,0.097
Jokiharju-Peeke,"['Jokiharju Henri', 'Peeke Andrew']",pairing,672,11.2,0,0,0,0,0.0,0.0,,,,Boston Bruins,2313.224,5,26.79,
Harris-Zadorov,"['Harris Jordan', 'Zadorov Nikita']",pairing,481,8.0,0,0,0,0,0.0,0.0,,,,Boston Bruins,2235.586,4,29.94,
Harris-Jokiharju,"['Harris Jordan', 'Jokiharju Henri']",pairing,440,7.3,0,0,4,1,0.24,0.03,,80.0,89.6,Boston Bruins,1811.617,0,0.0,
Harris-McAvoy,"['Harris Jordan', 'McAvoy Charlie']",pairing,403,6.7,0,0,0,0,0.0,0.0,,,,Boston Bruins,2647.176,4,35.73,
Harris-Lohrei,"['Harris Jordan', 'Lohrei Mason']",pairing,178,3.0,0,0,0,0,0.0,0.0,,,,Boston Bruins,2190.183,0,0.0,
Dahlin-Samuelsson,"['Dahlin Rasmus', 'Samuelsson Mattias']",pairing,61569,1026.2,72,57,673,671,39.97,39.61,55.8,50.1,50.2,Buffalo Sabres,2724.183,423,24.73,-0.259
Byram-Power,"['Byram Bowen', 'Power Owen']",pairing,44512,741.9,68,38,544,458,32.86,26.58,64.2,54.3,55.3,Buffalo Sabres,3255.096,335,27.09,-0.163
Byram-Timmins,"['Byram Bowen', 'Timmins Conor']",pairing,16779,279.6,15,12,142,160,7.96,8.75,55.6,47.0,47.7,Buffalo Sabres,2526.048,159,34.11,-0.07
Byram-Dahlin,"['Byram Bowen', 'Dahlin Rasmus']",pairing,15757,262.6,28,28,245,279,14.37,16.35,50.0,46.8,46.8,Buffalo Sabres,3561.159,119,27.19,-0.136
Byram-Samuelsson,"['Byram Bowen', 'Samuelsson Mattias']",pairing,13065,217.8,16,25,124,168,7.24,10.74,39.0,42.5,40.3,Buffalo Sabres,2271.003,90,24.8,-0.294
Power-Samuelsson,"['Power Owen', 'Samuelsson Mattias']",pairing,12796,213.3,9,7,102,100,6.2,6.14,56.2,50.5,50.2,Buffalo Sabres,2405.388,87,24.48,-0.29
Dahlin-Power,"['Dahlin Rasmus', 'Power Owen']",pairing,12441,207.3,9,13,80,81,4.55,4.72,40.9,49.7,49.0,Buffalo Sabres,3857.515,103,29.8,-0.054
Power-Timmins,"['Power Owen', 'Timmins Conor']",pairing,11855,197.6,16,13,104,83,5.49,5.73,55.2,55.6,48.9,Buffalo Sabres,2691.677,92,27.94,-0.191
Kesselring-Power,"['Kesselring Michael', 'Power Owen']",pairing,9896,164.9,13,6,122,123,7.46,7.54,68.4,49.8,49.7,Buffalo Sabres,3119.634,86,31.29,-0.083
Bryson-Power,"['Bryson Jacob', 'Power Owen']",pairing,7949,132.5,10,7,73,74,4.07,4.34,58.8,49.7,48.4,Buffalo Sabres,3832.666,76,34.42,0.044
Samuelsson-Timmins,"['Samuelsson Mattias', 'Timmins Conor']",pairing,6768,112.8,12,11,82,78,4.54,5.02,52.2,51.2,47.5,Buffalo Sabres,1851.335,31,16.49,-0.51
Stanley-Timmins,"['Stanley Logan', 'Timmins Conor']",pairing,6687,111.5,16,14,108,114,6.3,6.67,53.3,48.6,48.6,Buffalo Sabres,2740.4,34,18.3,-0.398
Byram-Kesselring,"['Byram Bowen', 'Kesselring Michael']",pairing,6646,110.8,7,10,49,65,3.17,4.18,41.2,43.0,43.2,Buffalo Sabres,2931.843,67,36.29,0.011
Byram-Metsa,"['Byram Bowen', 'Metsa Zach']",pairing,6103,101.7,6,6,57,51,3.21,3.01,50.0,52.8,51.6,Buffalo Sabres,2920.646,41,24.18,-0.254
Bryson-Metsa,"['Bryson Jacob', 'Metsa Zach']",pairing,6084,101.4,4,1,39,38,2.33,2.15,80.0,50.6,52.0,Buffalo Sabres,3344.588,42,24.85,-0.205
Metsa-Stanley,"['Metsa Zach', 'Stanley Logan']",pairing,5320,88.7,5,12,57,68,2.96,4.21,29.4,45.6,41.3,Buffalo Sabres,3084.598,33,22.33,-0.281
Dahlin-Metsa,"['Dahlin Rasmus', 'Metsa Zach']",pairing,4252,70.9,1,1,38,46,1.95,2.61,50.0,45.2,42.8,Buffalo Sabres,3518.358,35,29.63,-0.086
Metsa-Samuelsson,"['Metsa Zach', 'Samuelsson Mattias']",pairing,3982,66.4,9,4,73,69,4.66,4.1,69.2,51.4,53.2,Buffalo Sabres,2088.415,20,18.08,-0.456
Dahlin-Timmins,"['Dahlin Rasmus', 'Timmins Conor']",pairing,3727,62.1,3,2,25,38,1.59,2.22,60.0,39.7,41.8,Buffalo Sabres,3006.086,13,12.56,-0.501
Kesselring-Samuelsson,"['Kesselring Michael', 'Samuelsson Mattias']",pairing,3596,59.9,3,4,13,18,0.91,1.31,42.9,41.9,41.1,Buffalo Sabres,2140.664,28,28.03,-0.235
Dahlin-Kesselring,"['Dahlin Rasmus', 'Kesselring Michael']",pairing,3196,53.3,0,1,9,5,0.34,0.28,0.0,64.3,54.7,Buffalo Sabres,3495.61,21,23.65,-0.219
Metsa-Power,"['Metsa Zach', 'Power Owen']",pairing,2238,37.3,0,0,5,5,0.43,0.31,,50.0,58.0,Buffalo Sabres,3083.465,15,24.13,-0.242
Schenn-Stanley,"['Schenn Luke', 'Stanley Logan']",pairing,1760,29.3,0,0,7,6,0.4,0.19,,53.8,67.7,Buffalo Sabres,2958.936,137,280.23,5.34
Bryson-Kesselring,"['Bryson Jacob', 'Kesselring Michael']",pairing,1758,29.3,2,1,18,14,0.93,1.2,66.7,56.2,43.5,Buffalo Sabres,3417.148,11,22.53,-0.249
Bryson-Samuelsson,"['Bryson Jacob', 'Samuelsson Mattias']",pairing,1709,28.5,1,0,7,13,0.53,0.64,100.0,35.0,45.4,Buffalo Sabres,2619.741,9,18.96,-0.393
Johnson-Timmins,"['Johnson Ryan', 'Timmins Conor']",pairing,1665,27.8,0,0,4,2,0.16,0.08,,66.7,65.5,Buffalo Sabres,354.185,0,0.0,
Bryson-Dahlin,"['Bryson Jacob', 'Dahlin Rasmus']",pairing,1336,22.3,0,1,4,5,0.29,0.5,0.0,44.4,37.1,Buffalo Sabres,4318.103,11,29.64,-0.02
Bryson-Johnson,"['Bryson Jacob', 'Johnson Ryan']",pairing,1219,20.3,2,3,6,10,0.47,0.59,40.0,37.5,44.1,Buffalo Sabres,495.737,2,5.91,-0.853
Power-Stanley,"['Power Owen', 'Stanley Logan']",pairing,1168,19.5,0,1,3,5,0.1,0.25,0.0,37.5,28.1,Buffalo Sabres,3563.077,4,12.33,-0.46
Byram-Mrtka,"['Byram Bowen', 'Mrtka Radim']",pairing,1054,17.6,5,3,35,33,2.03,2.24,62.5,51.5,47.5,Buffalo Sabres,1157.031,10,34.16,-0.182
Kesselring-Metsa,"['Kesselring Michael', 'Metsa Zach']",pairing,1006,16.8,2,0,11,6,0.76,0.3,100.0,64.7,71.7,Buffalo Sabres,2736.794,2,7.16,-0.641
Kesselring-Stanley,"['Kesselring Michael', 'Stanley Logan']",pairing,1006,16.8,0,0,0,0,0.0,0.0,,,,Buffalo Sabres,3167.63,8,28.63,
Samuelsson-Stanley,"['Samuelsson Mattias', 'Stanley Logan']",pairing,980,16.3,0,0,1,2,0.11,0.07,,33.3,62.1,Buffalo Sabres,2421.246,5,18.37,
Byram-Komarov,"['Byram Bowen', 'Komarov Vsevolod']",pairing,955,15.9,2,0,7,10,0.43,0.55,100.0,41.2,44.3,Buffalo Sabres,1697.29,0,0.0,-0.883
Byram-Stanley,"['Byram Bowen', 'Stanley Logan']",pairing,896,14.9,0,0,9,7,0.65,0.53,,56.2,55.1,Buffalo Sabres,3368.291,5,20.09,-0.307
Bryson-Timmins,"['Bryson Jacob', 'Timmins Conor']",pairing,878,14.6,1,0,8,9,0.41,0.56,100.0,47.1,42.3,Buffalo Sabres,2953.579,8,32.8,-0.063
Bryson-Byram,"['Bryson Jacob', 'Byram Bowen']",pairing,784,13.1,0,3,5,7,0.34,0.37,0.0,41.7,47.5,Buffalo Sabres,3610.428,2,9.18,-0.525
Dahlin-Stanley,"['Dahlin Rasmus', 'Stanley Logan']",pairing,717,11.9,2,1,4,10,0.33,0.61,66.7,28.6,34.7,Buffalo Sabres,4047.178,4,20.08,-0.251
Power-Schenn,"['Power Owen', 'Schenn Luke']",pairing,670,11.2,1,3,9,13,0.71,0.91,25.0,40.9,43.9,Buffalo Sabres,2946.407,6,32.24,-0.076
Bryson-Mrtka,"['Bryson Jacob', 'Mrtka Radim']",pairing,482,8.0,1,2,16,13,0.85,1.16,33.3,55.2,42.1,Buffalo Sabres,1326.97,0,0.0,-0.914
Samuelsson-Schenn,"['Samuelsson Mattias', 'Schenn Luke']",pairing,359,6.0,0,0,0,0,0.0,0.0,,,,Buffalo Sabres,2002.366,0,0.0,
Kesselring-Timmins,"['Kesselring Michael', 'Timmins Conor']",pairing,314,5.2,1,0,6,8,0.44,0.36,100.0,42.9,54.9,Buffalo Sabres,2407.259,1,11.46,-0.574
Byram-Schenn,"['Byram Bowen', 'Schenn Luke']",pairing,261,4.3,1,0,2,2,0.1,0.19,100.0,50.0,33.8,Buffalo Sabres,2785.191,3,41.38,
Metsa-Timmins,"['Metsa Zach', 'Timmins Conor']",pairing,248,4.1,0,1,0,1,0.0,0.07,0.0,0.0,0.0,Buffalo Sabres,2368.887,2,29.03,
Dahlin-Schenn,"['Dahlin Rasmus', 'Schenn Luke']",pairing,214,3.6,0,0,0,0,0.0,0.0,,,,Buffalo Sabres,3346.329,1,16.82,
Byram-Johnson,"['Byram Bowen', 'Johnson Ryan']",pairing,195,3.2,0,0,0,0,0.0,0.0,,,,Buffalo Sabres,445.189,0,0.0,
Kesselring-Mrtka,"['Kesselring Michael', 'Mrtka Radim']",pairing,157,2.6,0,0,0,0,0.0,0.0,,,,Buffalo Sabres,1085.514,2,45.86,
Dahlin-Johnson,"['Dahlin Rasmus', 'Johnson Ryan']",pairing,137,2.3,0,0,0,0,0.0,0.0,,,,Buffalo Sabres,544.833,0,0.0,
Johnson-Mrtka,"['Johnson Ryan', 'Mrtka Radim']",pairing,116,1.9,0,0,0,0,0.0,0.0,,,,Buffalo Sabres,154.592,0,0.0,
Komarov-Power,"['Komarov Vsevolod', 'Power Owen']",pairing,91,1.5,0,0,0,0,0.0,0.0,,,,Buffalo Sabres,1808.464,2,79.12,
Andersson-Bahl,"['Andersson Rasmus', 'Bahl Kevin']",pairing,45071,751.2,36,59,415,502,22.89,29.75,37.9,45.3,43.5,Calgary Flames,3707.566,256,20.45,-0.271
Kuznetsov-Weegar,"['Kuznetsov Yan', 'Weegar MacKenzie']",pairing,38347,639.1,43,45,501,527,29.31,29.65,48.9,48.7,49.7,Calgary Flames,3724.27,278,26.1,-0.146
Bahl-Whitecloud,"['Bahl Kevin', 'Whitecloud Zach']",pairing,21211,353.5,16,12,182,203,11.49,11.63,57.1,47.3,49.7,Calgary Flames,5213.641,179,30.38,0.07
Hanley-Weegar,"['Hanley Joel', 'Weegar MacKenzie']",pairing,12651,210.8,6,22,112,134,6.79,8.64,21.4,45.5,44.0,Calgary Flames,4260.177,74,21.06,-0.212
Hanley-Pachal,"['Hanley Joel', 'Pachal Brayden']",pairing,12156,202.6,4,6,113,89,6.37,5.06,40.0,55.9,55.7,Calgary Flames,1883.067,71,21.03,-0.409
Brzustewicz-Hanley,"['Brzustewicz Hunter', 'Hanley Joel']",pairing,11912,198.5,8,8,111,145,7.1,9.07,50.0,43.4,43.9,Calgary Flames,2567.903,100,30.22,-0.152
Hanley-Parekh,"['Hanley Joel', 'Parekh Zayne']",pairing,11911,198.5,16,19,126,147,8.17,9.39,45.7,46.2,46.5,Calgary Flames,2641.32,84,25.39,-0.251
Brzustewicz-Maatta,"['Brzustewicz Hunter', 'Maatta Olli']",pairing,11632,193.9,15,14,84,105,5.47,7.2,51.7,44.4,43.2,Calgary Flames,10577.341,107,33.12,0.572
Kuznetsov-Whitecloud,"['Kuznetsov Yan', 'Whitecloud Zach']",pairing,7587,126.5,14,13,80,89,4.65,5.43,51.9,47.3,46.1,Calgary Flames,4426.599,53,25.15,-0.109
Bahl-Weegar,"['Bahl Kevin', 'Weegar MacKenzie']",pairing,6975,116.2,3,5,53,42,2.7,2.3,37.5,55.8,54.0,Calgary Flames,4352.134,46,23.74,-0.146
Bean-Pachal,"['Bean Jake', 'Pachal Brayden']",pairing,5679,94.7,5,7,75,69,4.33,4.13,41.7,52.1,51.2,Calgary Flames,1812.803,19,12.04,-0.611
Bean-Weegar,"['Bean Jake', 'Weegar MacKenzie']",pairing,4745,79.1,5,13,67,64,4.46,4.55,27.8,51.1,49.5,Calgary Flames,3979.169,35,26.55,-0.115
Pachal-Parekh,"['Pachal Brayden', 'Parekh Zayne']",pairing,4048,67.5,11,1,72,73,4.64,3.92,91.7,49.7,54.2,Calgary Flames,2257.296,16,14.23,-0.526
Kuznetsov-Parekh,"['Kuznetsov Yan', 'Parekh Zayne']",pairing,4025,67.1,3,3,46,47,2.82,3.04,50.0,49.5,48.2,Calgary Flames,2295.506,18,16.1,-0.482
Bahl-Maatta,"['Bahl Kevin', 'Maatta Olli']",pairing,3681,61.4,7,7,57,58,3.62,3.97,50.0,49.6,47.7,Calgary Flames,9211.014,38,37.16,0.548
Brzustewicz-Kuznetsov,"['Brzustewicz Hunter', 'Kuznetsov Yan']",pairing,3275,54.6,3,5,42,47,2.48,3.09,37.5,47.2,44.5,Calgary Flames,2240.709,17,18.69,-0.43
Bahl-Parekh,"['Bahl Kevin', 'Parekh Zayne']",pairing,3003,50.0,0,0,20,21,1.04,1.16,,48.8,47.2,Calgary Flames,2671.563,14,16.78,-0.437
Maatta-Pachal,"['Maatta Olli', 'Pachal Brayden']",pairing,2995,49.9,2,2,42,43,2.2,2.64,50.0,49.4,45.5,Calgary Flames,7985.282,15,18.03,0.029
Andersson-Kuznetsov,"['Andersson Rasmus', 'Kuznetsov Yan']",pairing,2862,47.7,0,2,7,16,0.44,0.96,0.0,30.4,31.4,Calgary Flames,3180.432,22,27.67,-0.157
Kuznetsov-Pachal,"['Kuznetsov Yan', 'Pachal Brayden']",pairing,2630,43.8,3,1,40,39,2.38,2.58,75.0,50.6,48.0,Calgary Flames,1656.015,14,19.16,-0.468
Bean-Hanley,"['Bean Jake', 'Hanley Joel']",pairing,2459,41.0,4,4,25,29,1.56,1.96,50.0,46.3,44.3,Calgary Flames,2054.919,13,19.03,-0.438
Maatta-Parekh,"['Maatta Olli', 'Parekh Zayne']",pairing,2447,40.8,0,2,14,14,0.73,0.98,0.0,50.0,42.8,Calgary Flames,10715.188,15,22.07,0.342
Parekh-Whitecloud,"['Parekh Zayne', 'Whitecloud Zach']",pairing,2280,38.0,4,2,16,13,0.96,0.63,66.7,55.2,60.4,Calgary Flames,6267.708,11,17.37,-0.127
Bahl-Kuznetsov,"['Bahl Kevin', 'Kuznetsov Yan']",pairing,1939,32.3,0,0,10,22,0.69,1.32,,31.2,34.3,Calgary Flames,1879.529,16,29.71,-0.22
Andersson-Hanley,"['Andersson Rasmus', 'Hanley Joel']",pairing,1497,24.9,3,1,17,16,0.94,0.97,75.0,51.5,49.3,Calgary Flames,3650.905,8,19.24,-0.302
Bahl-Pachal,"['Bahl Kevin', 'Pachal Brayden']",pairing,1386,23.1,0,0,4,5,0.26,0.28,,44.4,48.2,Calgary Flames,1943.13,4,10.39,-0.636
Andersson-Bean,"['Andersson Rasmus', 'Bean Jake']",pairing,1280,21.3,1,1,6,13,0.46,0.77,50.0,31.6,37.5,Calgary Flames,3348.56,4,11.25,-0.501
Bean-Parekh,"['Bean Jake', 'Parekh Zayne']",pairing,1115,18.6,0,0,9,10,0.36,0.61,,47.4,37.2,Calgary Flames,2392.715,3,9.69,-0.614
Bahl-Brzustewicz,"['Bahl Kevin', 'Brzustewicz Hunter']",pairing,1112,18.5,0,1,8,6,0.35,0.37,0.0,57.1,48.7,Calgary Flames,2615.101,9,29.14,-0.171
Hanley-Kuznetsov,"['Hanley Joel', 'Kuznetsov Yan']",pairing,1111,18.5,1,3,6,4,0.34,0.27,25.0,60.0,55.4,Calgary Flames,1796.63,9,29.16,-0.238
Maatta-Whitecloud,"['Maatta Olli', 'Whitecloud Zach']",pairing,1074,17.9,0,0,0,0,0.0,0.0,,,,Calgary Flames,21660.702,15,50.28,
Parekh-Weegar,"['Parekh Zayne', 'Weegar MacKenzie']",pairing,988,16.5,2,2,11,11,0.47,0.56,50.0,50.0,45.5,Calgary Flames,4863.397,9,32.79,0.094
Hanley-Whitecloud,"['Hanley Joel', 'Whitecloud Zach']",pairing,978,16.3,0,1,2,3,0.14,0.2,0.0,40.0,40.9,Calgary Flames,5005.773,7,25.77,
Andersson-Weegar,"['Andersson Rasmus', 'Weegar MacKenzie']",pairing,939,15.7,0,0,0,0,0.0,0.0,,,,Calgary Flames,6821.538,22,84.35,
Bahl-Hanley,"['Bahl Kevin', 'Hanley Joel']",pairing,793,13.2,1,3,6,11,0.34,0.94,25.0,35.3,26.7,Calgary Flames,2124.223,4,18.16,-0.452
Pachal-Wiebe,"['Pachal Brayden', 'Wiebe Abram']",pairing,759,12.7,1,0,2,3,0.06,0.29,100.0,40.0,17.1,Calgary Flames,1927.82,8,37.94,
Bahl-Bean,"['Bahl Kevin', 'Bean Jake']",pairing,695,11.6,1,0,2,0,0.07,0.0,100.0,100.0,100.0,Calgary Flames,2107.725,3,15.54,
Brzustewicz-Whitecloud,"['Brzustewicz Hunter', 'Whitecloud Zach']",pairing,658,11.0,0,0,7,5,0.29,0.16,,58.3,64.0,Calgary Flames,6140.117,5,27.36,0.081
Hanley-Maatta,"['Hanley Joel', 'Maatta Olli']",pairing,658,11.0,0,0,1,5,0.04,0.43,,16.7,7.8,Calgary Flames,8922.996,6,32.83,
Kuznetsov-Maatta,"['Kuznetsov Yan', 'Maatta Olli']",pairing,635,10.6,0,0,0,3,0.0,0.11,,0.0,0.0,Calgary Flames,7848.828,1,5.67,
Parekh-Wiebe,"['Parekh Zayne', 'Wiebe Abram']",pairing,565,9.4,0,0,3,5,0.18,0.29,,37.5,38.2,Calgary Flames,2750.44,5,31.86,-0.101
Brzustewicz-Parekh,"['Brzustewicz Hunter', 'Parekh Zayne']",pairing,529,8.8,0,0,0,0,0.0,0.0,,,,Calgary Flames,2885.893,5,34.03,
Pachal-Solovyov,"['Pachal Brayden', 'Solovyov Ilya']",pairing,500,8.3,0,1,2,4,0.08,0.22,0.0,33.3,27.5,Calgary Flames,22104.456,0,0.0,
Andersson-Pachal,"['Andersson Rasmus', 'Pachal Brayden']",pairing,412,6.9,0,0,3,6,0.22,0.25,,33.3,47.6,Calgary Flames,3148.847,0,0.0,-0.764
Pachal-Weegar,"['Pachal Brayden', 'Weegar MacKenzie']",pairing,409,6.8,0,0,0,0,0.0,0.0,,,,Calgary Flames,3724.332,4,35.21,
Andersson-Parekh,"['Andersson Rasmus', 'Parekh Zayne']",pairing,396,6.6,0,1,1,4,0.03,0.16,0.0,20.0,15.5,Calgary Flames,4045.141,9,81.82,
Brzustewicz-Wiebe,"['Brzustewicz Hunter', 'Wiebe Abram']",pairing,394,6.6,0,0,0,0,0.0,0.0,,,,Calgary Flames,2658.718,2,18.27,
Andersson-Brzustewicz,"['Andersson Rasmus', 'Brzustewicz Hunter']",pairing,360,6.0,0,2,5,2,0.38,0.16,0.0,71.4,70.4,Calgary Flames,4055.169,7,70.0,
Brzustewicz-Pachal,"['Brzustewicz Hunter', 'Pachal Brayden']",pairing,327,5.5,0,0,0,0,0.0,0.0,,,,Calgary Flames,2228.986,0,0.0,
Brzustewicz-Weegar,"['Brzustewicz Hunter', 'Weegar MacKenzie']",pairing,273,4.5,0,0,0,0,0.0,0.0,,,,Calgary Flames,4847.043,9,118.68,
Pachal-Whitecloud,"['Pachal Brayden', 'Whitecloud Zach']",pairing,226,3.8,0,0,0,0,0.0,0.0,,,,Calgary Flames,4569.287,2,31.86,
Whitecloud-Wiebe,"['Whitecloud Zach', 'Wiebe Abram']",pairing,178,3.0,0,0,8,5,0.49,0.31,,61.5,61.3,Calgary Flames,5083.372,0,0.0,
Maatta-Wiebe,"['Maatta Olli', 'Wiebe Abram']",pairing,158,2.6,0,0,0,0,0.0,0.0,,,,Calgary Flames,9132.133,3,68.35,
Bean-Kuznetsov,"['Bean Jake', 'Kuznetsov Yan']",pairing,131,2.2,0,0,0,0,0.0,0.0,,,,Calgary Flames,1800.699,1,27.48,
Kuznetsov-Solovyov,"['Kuznetsov Yan', 'Solovyov Ilya']",pairing,116,1.9,0,0,2,0,0.08,0.0,,100.0,100.0,Calgary Flames,21578.597,0,0.0,
Miller-Walker,"[""Miller K'Andre"", 'Walker Sean']",pairing,75240,1254.0,96,77,939,683,54.85,44.42,55.5,57.9,55.3,Carolina Hurricanes,2597.575,370,17.7,-0.423
Chatfield-Slavin,"['Chatfield Jalen', 'Slavin Jaccob']",pairing,51723,862.0,68,52,584,418,34.67,26.31,56.7,58.3,56.9,Carolina Hurricanes,1674.565,203,14.13,-0.577
Gostisbehere-Nikishin,"['Gostisbehere Shayne', 'Nikishin Alexander']",pairing,31533,525.5,38,26,398,273,23.55,18.34,59.4,59.3,56.2,Carolina Hurricanes,2559.765,161,18.38,-0.411
Nikishin-Walker,"['Nikishin Alexander', 'Walker Sean']",pairing,17337,288.9,17,15,172,117,9.63,7.98,53.1,59.5,54.7,Carolina Hurricanes,2669.216,111,23.05,-0.3
Chatfield-Gostisbehere,"['Chatfield Jalen', 'Gostisbehere Shayne']",pairing,16625,277.1,20,16,227,150,13.58,9.78,55.6,60.2,58.1,Carolina Hurricanes,2135.236,114,24.69,-0.308
Chatfield-Miller,"['Chatfield Jalen', ""Miller K'Andre""]",pairing,13267,221.1,19,15,177,99,10.35,6.4,55.9,64.1,61.8,Carolina Hurricanes,1866.069,76,20.62,-0.419
Nikishin-Reilly,"['Nikishin Alexander', 'Reilly Mike']",pairing,12619,210.3,18,14,153,119,8.85,7.28,56.2,56.2,54.9,Carolina Hurricanes,2331.133,44,12.55,-0.557
Gostisbehere-Walker,"['Gostisbehere Shayne', 'Walker Sean']",pairing,7486,124.8,7,7,86,86,5.18,5.31,50.0,50.0,49.4,Carolina Hurricanes,2937.719,52,25.01,-0.235
Chatfield-Nikishin,"['Chatfield Jalen', 'Nikishin Alexander']",pairing,5443,90.7,8,2,54,28,3.26,1.65,80.0,65.9,66.5,Carolina Hurricanes,1921.089,25,16.53,-0.504
Slavin-Walker,"['Slavin Jaccob', 'Walker Sean']",pairing,4043,67.4,4,5,26,22,1.65,1.86,44.4,54.2,47.0,Carolina Hurricanes,2359.405,9,8.01,-0.654
Gostisbehere-Miller,"['Gostisbehere Shayne', ""Miller K'Andre""]",pairing,3881,64.7,2,5,22,19,1.26,1.21,28.6,53.7,51.1,Carolina Hurricanes,2492.449,32,29.68,-0.17
Chatfield-Reilly,"['Chatfield Jalen', 'Reilly Mike']",pairing,3145,52.4,5,3,26,16,1.74,0.89,62.5,61.9,66.0,Carolina Hurricanes,1939.689,18,20.6,-0.413
Miller-Nikishin,"[""Miller K'Andre"", 'Nikishin Alexander']",pairing,3107,51.8,0,0,33,11,2.04,0.68,,75.0,75.1,Carolina Hurricanes,2244.08,6,6.95,-0.686
Chatfield-Walker,"['Chatfield Jalen', 'Walker Sean']",pairing,2809,46.8,3,0,24,26,1.23,1.65,100.0,48.0,42.8,Carolina Hurricanes,2224.832,8,10.25,-0.616
Nikishin-Slavin,"['Nikishin Alexander', 'Slavin Jaccob']",pairing,2372,39.5,5,1,36,20,2.32,1.03,83.3,64.3,69.3,Carolina Hurricanes,2020.368,7,10.62,-0.625
Gostisbehere-Slavin,"['Gostisbehere Shayne', 'Slavin Jaccob']",pairing,2344,39.1,5,3,29,18,1.82,1.0,62.5,61.7,64.5,Carolina Hurricanes,2272.105,17,26.11,-0.266
Gostisbehere-Reilly,"['Gostisbehere Shayne', 'Reilly Mike']",pairing,2302,38.4,1,1,4,4,0.28,0.2,50.0,50.0,58.2,Carolina Hurricanes,2582.813,6,9.38,-0.605
Reilly-Walker,"['Reilly Mike', 'Walker Sean']",pairing,2057,34.3,1,1,15,7,0.93,0.6,50.0,68.2,60.7,Carolina Hurricanes,2693.668,14,24.5,-0.266
Miller-Slavin,"[""Miller K'Andre"", 'Slavin Jaccob']",pairing,2047,34.1,1,0,3,3,0.14,0.06,100.0,50.0,70.0,Carolina Hurricanes,1958.116,7,12.31,
Miller-Reilly,"[""Miller K'Andre"", 'Reilly Mike']",pairing,1097,18.3,1,0,16,6,0.7,0.41,100.0,72.7,62.8,Carolina Hurricanes,2265.722,7,22.97,-0.335
Reilly-Slavin,"['Reilly Mike', 'Slavin Jaccob']",pairing,206,3.4,0,0,0,0,0.0,0.0,,,,Carolina Hurricanes,2041.201,1,17.48,
Crevier-Vlasic,"['Crevier Louis', 'Vlasic Alex']",pairing,46745,779.1,40,45,465,542,28.09,32.62,47.1,46.2,46.3,Chicago Blackhawks,3023.503,252,19.41,-0.35
Kaiser-Levshunov,"['Kaiser Wyatt', 'Levshunov Artyom']",pairing,26727,445.4,33,32,267,277,14.67,17.78,50.8,49.1,45.2,Chicago Blackhawks,3329.685,180,24.25,-0.219
Grzelcyk-Murphy,"['Grzelcyk Matt', 'Murphy Connor']",pairing,21800,363.3,14,22,163,207,10.87,13.74,38.9,44.1,44.2,Chicago Blackhawks,3621.177,178,29.39,-0.083
Kaiser-Rinzel,"['Kaiser Wyatt', 'Rinzel Sam']",pairing,21772,362.9,27,32,211,246,12.98,15.97,45.8,46.2,44.8,Chicago Blackhawks,3055.716,152,25.13,-0.223
Grzelcyk-Levshunov,"['Grzelcyk Matt', 'Levshunov Artyom']",pairing,21123,352.1,19,25,203,256,11.6,16.38,43.2,44.2,41.5,Chicago Blackhawks,2731.305,222,37.84,0.028
Rinzel-Vlasic,"['Rinzel Sam', 'Vlasic Alex']",pairing,14085,234.8,17,23,132,178,7.84,11.72,42.5,42.6,40.1,Chicago Blackhawks,3321.9,49,12.52,-0.476
Crevier-Kaiser,"['Crevier Louis', 'Kaiser Wyatt']",pairing,13310,221.8,8,15,105,118,5.72,7.13,34.8,47.1,44.5,Chicago Blackhawks,2780.593,70,18.93,-0.381
Kaiser-Murphy,"['Kaiser Wyatt', 'Murphy Connor']",pairing,13059,217.7,8,8,97,110,5.36,7.02,50.0,46.9,43.3,Chicago Blackhawks,4526.025,108,29.77,0.0
Levshunov-Vlasic,"['Levshunov Artyom', 'Vlasic Alex']",pairing,12541,209.0,15,17,128,141,7.38,8.92,46.9,47.6,45.3,Chicago Blackhawks,3619.808,78,22.39,-0.236
Grzelcyk-Rinzel,"['Grzelcyk Matt', 'Rinzel Sam']",pairing,10179,169.7,17,26,180,208,11.16,13.02,39.5,46.4,46.2,Chicago Blackhawks,2510.02,71,25.11,-0.268
Murphy-Vlasic,"['Murphy Connor', 'Vlasic Alex']",pairing,8164,136.1,3,2,27,44,1.76,2.75,60.0,38.0,39.0,Chicago Blackhawks,4922.187,75,33.07,0.105
Del-Korchinski,"['Del Mastro Ethan', 'Korchinski Kevin']",pairing,6228,103.8,4,7,49,64,2.99,3.65,36.4,43.4,45.0,Chicago Blackhawks,1573.874,38,21.97,-0.414
Crevier-Grzelcyk,"['Crevier Louis', 'Grzelcyk Matt']",pairing,6175,102.9,8,11,56,64,3.62,4.0,42.1,46.7,47.5,Chicago Blackhawks,2248.797,44,25.65,-0.278
Del-Murphy,"['Del Mastro Ethan', 'Murphy Connor']",pairing,3552,59.2,1,3,14,35,0.57,1.87,25.0,28.6,23.3,Chicago Blackhawks,3162.523,2,2.03,-0.718
Del-Rinzel,"['Del Mastro Ethan', 'Rinzel Sam']",pairing,3055,50.9,2,4,37,34,1.81,1.97,33.3,52.1,47.9,Chicago Blackhawks,2185.782,12,14.14,-0.534
Crevier-Del,"['Crevier Louis', 'Del Mastro Ethan']",pairing,2862,47.7,2,2,33,28,1.56,1.83,50.0,54.1,46.0,Chicago Blackhawks,1961.63,16,20.13,-0.422
Grzelcyk-Kaiser,"['Grzelcyk Matt', 'Kaiser Wyatt']",pairing,1637,27.3,0,0,9,8,0.49,0.49,,52.9,50.2,Chicago Blackhawks,2813.134,16,35.19,-0.023
Crevier-Korchinski,"['Crevier Louis', 'Korchinski Kevin']",pairing,1389,23.1,3,4,12,20,0.65,1.27,42.9,37.5,33.7,Chicago Blackhawks,1774.346,4,10.37,-0.65
Del-Levshunov,"['Del Mastro Ethan', 'Levshunov Artyom']",pairing,1226,20.4,0,1,4,9,0.25,0.57,0.0,30.8,30.9,Chicago Blackhawks,2378.837,12,35.24,-0.058
Del-Grzelcyk,"['Del Mastro Ethan', 'Grzelcyk Matt']",pairing,1010,16.8,0,0,12,12,0.66,0.78,,50.0,45.9,Chicago Blackhawks,1962.497,5,17.82,-0.472
Murphy-Rinzel,"['Murphy Connor', 'Rinzel Sam']",pairing,962,16.0,1,4,26,31,1.78,1.93,20.0,45.6,48.0,Chicago Blackhawks,4034.267,6,22.45,-0.2
Kaiser-Korchinski,"['Kaiser Wyatt', 'Korchinski Kevin']",pairing,915,15.2,3,0,8,7,0.69,0.34,100.0,53.3,67.4,Chicago Blackhawks,2201.284,12,47.21,0.189
Korchinski-Murphy,"['Korchinski Kevin', 'Murphy Connor']",pairing,815,13.6,0,1,6,7,0.42,0.5,0.0,46.2,45.9,Chicago Blackhawks,2904.864,4,17.67,-0.398
Kaiser-Vlasic,"['Kaiser Wyatt', 'Vlasic Alex']",pairing,767,12.8,0,1,4,10,0.17,0.68,0.0,28.6,20.5,Chicago Blackhawks,3761.673,6,28.16,-0.098
Korchinski-Rinzel,"['Korchinski Kevin', 'Rinzel Sam']",pairing,718,12.0,0,4,8,18,0.41,1.34,0.0,30.8,23.4,Chicago Blackhawks,1933.399,2,10.03,-0.645
Grzelcyk-Vlasic,"['Grzelcyk Matt', 'Vlasic Alex']",pairing,577,9.6,0,0,0,0,0.0,0.0,,,,Chicago Blackhawks,3059.447,6,37.44,
Del-Kaiser,"['Del Mastro Ethan', 'Kaiser Wyatt']",pairing,512,8.5,0,1,3,4,0.19,0.28,0.0,42.9,40.3,Chicago Blackhawks,2452.456,4,28.12,
Del-Vlasic,"['Del Mastro Ethan', 'Vlasic Alex']",pairing,503,8.4,0,0,1,0,0.03,0.0,,100.0,100.0,Chicago Blackhawks,2667.112,1,7.16,
Crevier-Rinzel,"['Crevier Louis', 'Rinzel Sam']",pairing,438,7.3,0,0,1,1,0.15,0.03,,50.0,84.6,Chicago Blackhawks,2463.447,2,16.44,
Crevier-Levshunov,"['Crevier Louis', 'Levshunov Artyom']",pairing,240,4.0,1,3,6,13,0.51,0.79,25.0,31.6,39.5,Chicago Blackhawks,2683.195,2,30.0,
Crevier-Murphy,"['Crevier Louis', 'Murphy Connor']",pairing,190,3.2,0,0,0,0,0.0,0.0,,,,Chicago Blackhawks,3620.016,0,0.0,
Korchinski-Levshunov,"['Korchinski Kevin', 'Levshunov Artyom']",pairing,187,3.1,0,0,0,0,0.0,0.0,,,,Chicago Blackhawks,2108.346,0,0.0,
Korchinski-Vlasic,"['Korchinski Kevin', 'Vlasic Alex']",pairing,187,3.1,0,0,0,0,0.0,0.0,,,,Chicago Blackhawks,2393.056,0,0.0,
Levshunov-Murphy,"['Levshunov Artyom', 'Murphy Connor']",pairing,150,2.5,0,0,0,0,0.0,0.0,,,,Chicago Blackhawks,4390.528,0,0.0,
Levshunov-Rinzel,"['Levshunov Artyom', 'Rinzel Sam']",pairing,141,2.4,0,0,0,0,0.0,0.0,,,,Chicago Blackhawks,2925.944,2,51.06,
Grzelcyk-Korchinski,"['Grzelcyk Matt', 'Korchinski Kevin']",pairing,121,2.0,0,0,0,0,0.0,0.0,,,,Chicago Blackhawks,1807.241,18,535.54,
Makar-Toews,"['Makar Cale', 'Toews Devon']",pairing,53433,890.5,76,56,705,569,40.98,33.18,57.6,55.3,55.3,Colorado Avalanche,3880.648,489,32.95,0.016
Burns-Manson,"['Burns Brent', 'Manson Josh']",pairing,49165,819.4,49,38,494,390,29.03,22.8,56.3,55.9,56.0,Colorado Avalanche,2846.468,300,21.97,-0.309
Girard-Malinski,"['Girard Samuel', 'Malinski Sam']",pairing,21374,356.2,38,17,296,235,18.55,14.26,69.1,55.7,56.5,Colorado Avalanche,5837.345,211,35.54,0.234
Malinski-Toews,"['Malinski Sam', 'Toews Devon']",pairing,17065,284.4,26,24,256,173,15.52,9.7,52.0,59.7,61.5,Colorado Avalanche,3159.831,160,33.75,-0.026
Kulak-Malinski,"['Kulak Brett', 'Malinski Sam']",pairing,16624,277.1,22,13,222,203,12.65,13.25,62.9,52.2,48.8,Colorado Avalanche,8035.151,108,23.39,0.15
Makar-Malinski,"['Makar Cale', 'Malinski Sam']",pairing,11078,184.6,15,17,181,130,10.99,8.62,46.9,58.2,56.1,Colorado Avalanche,3934.836,116,37.7,0.124
Kulak-Manson,"['Kulak Brett', 'Manson Josh']",pairing,7563,126.0,4,6,86,63,5.17,3.55,40.0,57.7,59.3,Colorado Avalanche,8136.996,39,18.56,0.053
Kulak-Makar,"['Kulak Brett', 'Makar Cale']",pairing,7472,124.5,11,4,106,83,5.82,4.84,73.3,56.1,54.6,Colorado Avalanche,10033.474,49,23.61,0.32
Burns-Kulak,"['Burns Brent', 'Kulak Brett']",pairing,7049,117.5,13,9,122,97,7.13,5.48,59.1,55.7,56.5,Colorado Avalanche,6814.416,22,11.24,-0.216
Burns-Malinski,"['Burns Brent', 'Malinski Sam']",pairing,6683,111.4,7,3,48,33,2.45,2.14,70.0,59.3,53.4,Colorado Avalanche,2815.288,52,28.01,-0.179
Burns-Toews,"['Burns Brent', 'Toews Devon']",pairing,6455,107.6,9,2,37,32,2.09,1.76,81.8,53.6,54.2,Colorado Avalanche,2737.851,54,30.12,-0.14
Blankenburg-Burns,"['Blankenburg Nick', 'Burns Brent']",pairing,5118,85.3,6,2,46,42,2.65,2.64,75.0,52.3,50.1,Colorado Avalanche,4021.002,29,20.4,-0.246
Malinski-Solovyov,"['Malinski Sam', 'Solovyov Ilya']",pairing,4402,73.4,7,4,55,28,2.97,1.57,63.6,66.3,65.4,Colorado Avalanche,31068.71,28,22.9,2.039
Malinski-Manson,"['Malinski Sam', 'Manson Josh']",pairing,4255,70.9,1,2,23,20,1.53,1.28,33.3,53.5,54.5,Colorado Avalanche,3281.579,25,21.15,-0.291
Burns-Makar,"['Burns Brent', 'Makar Cale']",pairing,3983,66.4,7,1,32,22,2.03,0.89,87.5,59.3,69.4,Colorado Avalanche,3539.811,27,24.4,-0.199
Girard-Manson,"['Girard Samuel', 'Manson Josh']",pairing,3972,66.2,5,4,49,40,2.98,2.56,55.6,55.1,53.8,Colorado Avalanche,5943.099,39,35.35,0.239
Girard-Makar,"['Girard Samuel', 'Makar Cale']",pairing,3962,66.0,9,5,70,52,4.67,2.98,64.3,57.4,61.1,Colorado Avalanche,7117.179,44,39.98,0.437
Manson-Toews,"['Manson Josh', 'Toews Devon']",pairing,3400,56.7,2,2,14,16,1.03,1.1,50.0,46.7,48.3,Colorado Avalanche,3211.898,25,26.47,-0.18
Makar-Manson,"['Makar Cale', 'Manson Josh']",pairing,3381,56.4,1,0,13,7,0.69,0.39,100.0,65.0,64.0,Colorado Avalanche,4026.666,23,24.49,-0.156
Burns-Girard,"['Burns Brent', 'Girard Samuel']",pairing,3023,50.4,4,2,42,32,2.72,1.91,66.7,56.8,58.7,Colorado Avalanche,5104.034,25,29.77,0.048
Ahcan-Malinski,"['Ahcan Jack', 'Malinski Sam']",pairing,2932,48.9,1,2,16,18,0.98,0.94,33.3,47.1,51.0,Colorado Avalanche,2735.49,26,31.92,-0.101
Blankenburg-Kulak,"['Blankenburg Nick', 'Kulak Brett']",pairing,1913,31.9,1,3,31,35,1.98,2.06,25.0,47.0,49.1,Colorado Avalanche,11472.761,13,24.46,0.457
Kulak-Toews,"['Kulak Brett', 'Toews Devon']",pairing,1735,28.9,2,0,10,15,0.52,0.96,100.0,40.0,35.2,Colorado Avalanche,7828.532,7,14.52,-0.061
Ahcan-Manson,"['Ahcan Jack', 'Manson Josh']",pairing,1406,23.4,3,1,18,10,1.01,0.57,75.0,64.3,64.0,Colorado Avalanche,2785.02,10,25.6,-0.235
Ahcan-Girard,"['Ahcan Jack', 'Girard Samuel']",pairing,1323,22.1,1,3,44,27,2.23,1.47,25.0,62.0,60.2,Colorado Avalanche,4952.76,9,24.49,-0.08
Blankenburg-Malinski,"['Blankenburg Nick', 'Malinski Sam']",pairing,1301,21.7,2,0,14,9,0.83,0.41,100.0,60.9,66.6,Colorado Avalanche,4598.438,7,19.37,-0.221
Girard-Solovyov,"['Girard Samuel', 'Solovyov Ilya']",pairing,1284,21.4,5,3,26,20,1.71,1.22,62.5,56.5,58.3,Colorado Avalanche,56322.238,16,44.86,4.601
Ahcan-Blankenburg,"['Ahcan Jack', 'Blankenburg Nick']",pairing,1245,20.8,1,2,12,13,0.79,0.66,33.3,48.0,54.4,Colorado Avalanche,3901.589,15,43.37,0.246
Manson-Solovyov,"['Manson Josh', 'Solovyov Ilya']",pairing,1076,17.9,1,1,25,12,1.81,0.55,50.0,67.6,76.7,Colorado Avalanche,31425.674,2,6.69,1.714
Blankenburg-Manson,"['Blankenburg Nick', 'Manson Josh']",pairing,857,14.3,0,0,0,1,0.0,0.04,,0.0,0.0,Colorado Avalanche,4681.797,3,12.6,
Blankenburg-Toews,"['Blankenburg Nick', 'Toews Devon']",pairing,772,12.9,0,0,4,3,0.25,0.17,,57.1,59.3,Colorado Avalanche,4508.276,4,18.65,
Girard-Toews,"['Girard Samuel', 'Toews Devon']",pairing,675,11.2,0,0,0,0,0.0,0.0,,,,Colorado Avalanche,5722.821,10,53.33,
Ahcan-Burns,"['Ahcan Jack', 'Burns Brent']",pairing,646,10.8,2,3,18,23,0.96,1.31,40.0,43.9,42.2,Colorado Avalanche,2391.711,0,0.0,-0.826
Burns-Solovyov,"['Burns Brent', 'Solovyov Ilya']",pairing,613,10.2,0,0,2,3,0.07,0.08,,40.0,45.6,Colorado Avalanche,26170.627,5,29.36,
Ahcan-Makar,"['Ahcan Jack', 'Makar Cale']",pairing,422,7.0,0,0,1,1,0.06,0.07,,50.0,47.9,Colorado Avalanche,3335.395,3,25.59,
Makar-Solovyov,"['Makar Cale', 'Solovyov Ilya']",pairing,397,6.6,0,0,3,2,0.14,0.27,,60.0,35.3,Colorado Avalanche,38994.723,8,72.54,
Blankenburg-Makar,"['Blankenburg Nick', 'Makar Cale']",pairing,325,5.4,1,1,17,11,0.84,0.77,50.0,60.7,52.4,Colorado Avalanche,5606.376,3,33.23,0.165
Ahcan-Gagne,"['Ahcan Jack', 'Gagne Alex']",pairing,269,4.5,0,0,0,0,0.0,0.0,,,,Colorado Avalanche,,0,0.0,
Solovyov-Toews,"['Solovyov Ilya', 'Toews Devon']",pairing,157,2.6,0,0,0,0,0.0,0.0,,,,Colorado Avalanche,30228.547,0,0.0,
Ahcan-Toews,"['Ahcan Jack', 'Toews Devon']",pairing,102,1.7,0,0,0,0,0.0,0.0,,,,Colorado Avalanche,2681.791,1,35.29,
Ahcan-Kulak,"['Ahcan Jack', 'Kulak Brett']",pairing,93,1.6,0,0,0,0,0.0,0.0,,,,Colorado Avalanche,6824.239,0,0.0,
Provorov-Severson,"['Provorov Ivan', 'Severson Damon']",pairing,31506,525.1,34,29,336,320,17.85,18.95,54.0,51.2,48.5,Columbus Blue Jackets,3089.958,338,38.62,0.075
Provorov-Werenski,"['Provorov Ivan', 'Werenski Zach']",pairing,24769,412.8,40,33,305,267,18.67,15.65,54.8,53.3,54.4,Columbus Blue Jackets,4667.075,267,38.81,0.209
Severson-Werenski,"['Severson Damon', 'Werenski Zach']",pairing,24236,403.9,15,23,211,206,12.89,11.25,39.5,50.6,53.4,Columbus Blue Jackets,4120.258,278,41.29,0.218
Mateychuk-Werenski,"['Mateychuk Denton', 'Werenski Zach']",pairing,21785,363.1,21,27,300,305,16.71,19.19,43.8,49.6,46.5,Columbus Blue Jackets,4698.739,216,35.69,0.144
Mateychuk-Severson,"['Mateychuk Denton', 'Severson Damon']",pairing,21351,355.9,12,21,196,206,10.58,12.53,36.4,48.8,45.8,Columbus Blue Jackets,3167.846,176,29.68,-0.114
Fabbro-Werenski,"['Fabbro Dante', 'Werenski Zach']",pairing,20015,333.6,13,18,176,162,11.07,9.73,41.9,52.1,53.2,Columbus Blue Jackets,4131.735,136,24.46,-0.148
Mateychuk-Provorov,"['Mateychuk Denton', 'Provorov Ivan']",pairing,18171,302.9,26,20,266,259,15.89,15.19,56.5,50.7,51.1,Columbus Blue Jackets,3498.259,198,39.23,0.122
Christiansen-Fabbro,"['Christiansen Jake', 'Fabbro Dante']",pairing,12220,203.7,17,18,181,181,10.06,10.47,48.6,50.0,49.0,Columbus Blue Jackets,2486.275,78,22.98,-0.316
Fabbro-Provorov,"['Fabbro Dante', 'Provorov Ivan']",pairing,11552,192.5,8,7,77,73,4.39,3.99,53.3,51.3,52.4,Columbus Blue Jackets,2969.242,89,27.74,-0.173
Gudbranson-Provorov,"['Gudbranson Erik', 'Provorov Ivan']",pairing,9256,154.3,12,9,85,116,5.19,6.58,57.1,42.3,44.1,Columbus Blue Jackets,2534.329,78,30.34,-0.152
Gudbranson-Mateychuk,"['Gudbranson Erik', 'Mateychuk Denton']",pairing,8437,140.6,8,10,72,74,4.51,4.32,44.4,49.3,51.1,Columbus Blue Jackets,2622.869,60,25.6,-0.248
Fabbro-Gudbranson,"['Fabbro Dante', 'Gudbranson Erik']",pairing,6790,113.2,8,5,63,71,3.48,4.51,61.5,47.0,43.5,Columbus Blue Jackets,2221.601,31,16.44,-0.481
Fabbro-Smith,"['Fabbro Dante', 'Smith Brendan']",pairing,6709,111.8,5,3,48,54,2.55,3.8,62.5,47.1,40.1,Columbus Blue Jackets,2175.434,50,26.83,-0.258
Fabbro-Mateychuk,"['Fabbro Dante', 'Mateychuk Denton']",pairing,5076,84.6,5,8,64,54,3.51,3.24,38.5,54.2,52.0,Columbus Blue Jackets,3075.197,41,29.08,-0.135
Christiansen-Gudbranson,"['Christiansen Jake', 'Gudbranson Erik']",pairing,4573,76.2,3,2,27,25,1.14,1.48,60.0,51.9,43.5,Columbus Blue Jackets,2120.475,31,24.4,-0.316
Provorov-Zamula,"['Provorov Ivan', 'Zamula Egor']",pairing,4533,75.5,5,11,37,45,2.5,2.59,31.2,45.1,49.2,Columbus Blue Jackets,6751.367,48,38.12,0.366
Gudbranson-Werenski,"['Gudbranson Erik', 'Werenski Zach']",pairing,3266,54.4,4,3,38,33,1.91,2.37,57.1,53.5,44.6,Columbus Blue Jackets,3516.041,25,27.56,-0.131
Fabbro-Zamula,"['Fabbro Dante', 'Zamula Egor']",pairing,3009,50.1,8,3,43,38,2.86,2.11,72.7,53.1,57.5,Columbus Blue Jackets,5919.504,27,32.3,0.17
Gudbranson-Zamula,"['Gudbranson Erik', 'Zamula Egor']",pairing,2985,49.8,2,2,25,24,1.37,0.92,50.0,51.0,59.9,Columbus Blue Jackets,5053.022,30,36.18,0.183
Fabbro-Severson,"['Fabbro Dante', 'Severson Damon']",pairing,2374,39.6,0,2,3,7,0.15,0.45,0.0,30.0,25.0,Columbus Blue Jackets,2717.949,19,28.81,-0.17
Christiansen-Severson,"['Christiansen Jake', 'Severson Damon']",pairing,1774,29.6,0,0,5,2,0.29,0.09,,71.4,77.0,Columbus Blue Jackets,2559.546,23,46.67,
Christiansen-Zamula,"['Christiansen Jake', 'Zamula Egor']",pairing,1386,23.1,1,0,2,1,0.11,0.03,100.0,66.7,79.9,Columbus Blue Jackets,5645.443,11,28.57,
Christiansen-Mateychuk,"['Christiansen Jake', 'Mateychuk Denton']",pairing,1364,22.7,1,3,8,12,0.63,0.88,25.0,40.0,41.8,Columbus Blue Jackets,2903.034,5,13.2,-0.496
Christiansen-Smith,"['Christiansen Jake', 'Smith Brendan']",pairing,1334,22.2,0,0,10,17,0.76,0.97,,37.0,44.1,Columbus Blue Jackets,2152.762,16,43.18,0.097
Severson-Zamula,"['Severson Damon', 'Zamula Egor']",pairing,1214,20.2,0,1,16,20,0.95,1.33,0.0,44.4,41.7,Columbus Blue Jackets,6169.803,13,38.55,0.327
Hunt-Smith,"['Hunt Daemon', 'Smith Brendan']",pairing,991,16.5,1,0,3,0,0.17,0.0,100.0,100.0,100.0,Columbus Blue Jackets,36791.985,6,21.8,
Gudbranson-Severson,"['Gudbranson Erik', 'Severson Damon']",pairing,869,14.5,0,0,0,0,0.0,0.0,,,,Columbus Blue Jackets,2317.709,5,20.71,
Christiansen-Provorov,"['Christiansen Jake', 'Provorov Ivan']",pairing,852,14.2,1,3,6,8,0.36,0.67,25.0,42.9,35.2,Columbus Blue Jackets,2827.92,9,38.03,0.04
Christiansen-Werenski,"['Christiansen Jake', 'Werenski Zach']",pairing,588,9.8,1,0,3,5,0.34,0.2,100.0,37.5,62.2,Columbus Blue Jackets,3792.087,4,24.49,-0.176
Werenski-Zamula,"['Werenski Zach', 'Zamula Egor']",pairing,578,9.6,0,0,4,5,0.14,0.35,,44.4,29.5,Columbus Blue Jackets,9344.471,10,62.28,1.107
Severson-Smith,"['Severson Damon', 'Smith Brendan']",pairing,420,7.0,0,2,10,10,0.63,0.82,0.0,50.0,43.6,Columbus Blue Jackets,2365.364,0,0.0,-0.828
Mateychuk-Zamula,"['Mateychuk Denton', 'Zamula Egor']",pairing,411,6.8,0,0,0,0,0.0,0.0,,,,Columbus Blue Jackets,6983.24,6,52.55,
Provorov-Smith,"['Provorov Ivan', 'Smith Brendan']",pairing,349,5.8,0,0,0,0,0.0,0.0,,,,Columbus Blue Jackets,2504.971,0,0.0,
Smith-Werenski,"['Smith Brendan', 'Werenski Zach']",pairing,268,4.5,0,0,0,0,0.0,0.0,,,,Columbus Blue Jackets,3842.159,2,26.87,
Mateychuk-Smith,"['Mateychuk Denton', 'Smith Brendan']",pairing,225,3.8,0,0,0,0,0.0,0.0,,,,Columbus Blue Jackets,2658.669,0,0.0,
Heiskanen-Lindell,"['Heiskanen Miro', 'Lindell Esa']",pairing,68871,1147.8,87,85,752,781,48.72,45.86,50.6,49.1,51.5,Dallas Stars,3668.949,536,28.02,-0.109
Harley-Lundkvist,"['Harley Thomas', 'Lundkvist Nils']",pairing,37626,627.1,31,33,284,276,18.77,17.51,48.4,50.7,51.7,Dallas Stars,3378.36,356,34.06,-0.001
Bichsel-Petrovic,"['Bichsel Lian', 'Petrovic Alexander']",pairing,19017,316.9,30,17,218,206,14.33,11.64,63.8,51.4,55.2,Dallas Stars,1886.086,123,23.28,-0.359
Harley-Lyubushkin,"['Harley Thomas', 'Lyubushkin Ilya']",pairing,16328,272.1,15,9,118,107,6.99,5.81,62.5,52.4,54.6,Dallas Stars,3097.811,137,30.21,-0.108
Bichsel-Myers,"['Bichsel Lian', 'Myers Tyler']",pairing,12186,203.1,16,9,111,111,7.62,6.53,64.0,50.0,53.9,Dallas Stars,3120.144,124,36.63,0.034
Harley-Heiskanen,"['Harley Thomas', 'Heiskanen Miro']",pairing,11152,185.9,19,7,110,101,7.22,6.07,73.1,52.1,54.3,Dallas Stars,4466.29,129,41.64,0.254
Bichsel-Lyubushkin,"['Bichsel Lian', 'Lyubushkin Ilya']",pairing,10774,179.6,14,17,116,119,7.53,6.9,45.2,49.4,52.2,Dallas Stars,1946.137,68,22.72,-0.367
Harley-Petrovic,"['Harley Thomas', 'Petrovic Alexander']",pairing,8822,147.0,10,10,87,84,4.76,5.02,50.0,50.9,48.7,Dallas Stars,3064.694,83,33.87,-0.031
Capobianco-Petrovic,"['Capobianco Kyle', 'Petrovic Alexander']",pairing,8064,134.4,10,10,58,93,3.12,5.68,50.0,38.4,35.4,Dallas Stars,2450.288,84,37.5,-0.002
Lindell-Lyubushkin,"['Lindell Esa', 'Lyubushkin Ilya']",pairing,7294,121.6,9,9,56,84,4.02,5.04,50.0,40.0,44.4,Dallas Stars,2526.31,44,21.72,-0.341
Harley-Lindell,"['Harley Thomas', 'Lindell Esa']",pairing,6866,114.4,3,1,12,21,0.66,1.14,75.0,36.4,36.8,Dallas Stars,3804.797,142,74.45,0.916
Lyubushkin-Petrovic,"['Lyubushkin Ilya', 'Petrovic Alexander']",pairing,6207,103.5,6,2,28,24,2.02,1.46,75.0,53.8,58.1,Dallas Stars,2009.262,35,20.3,-0.414
Lindell-Lundkvist,"['Lindell Esa', 'Lundkvist Nils']",pairing,5756,95.9,10,10,93,91,5.75,5.02,50.0,50.5,53.4,Dallas Stars,2744.597,59,36.9,0.009
Harley-Myers,"['Harley Thomas', 'Myers Tyler']",pairing,4055,67.6,5,2,32,21,2.03,1.36,71.4,60.4,60.0,Dallas Stars,5089.658,34,30.18,0.055
Capobianco-Lyubushkin,"['Capobianco Kyle', 'Lyubushkin Ilya']",pairing,4010,66.8,2,3,28,19,1.46,1.25,40.0,59.6,53.9,Dallas Stars,2488.164,33,29.63,-0.171
Bichsel-Harley,"['Bichsel Lian', 'Harley Thomas']",pairing,3411,56.9,2,6,35,41,2.23,2.72,25.0,46.1,45.0,Dallas Stars,3017.575,27,28.5,-0.152
Capobianco-Lundkvist,"['Capobianco Kyle', 'Lundkvist Nils']",pairing,3406,56.8,3,3,15,17,0.89,1.11,50.0,46.9,44.4,Dallas Stars,2708.665,38,40.16,0.077
Bichsel-Lundkvist,"['Bichsel Lian', 'Lundkvist Nils']",pairing,2975,49.6,3,4,36,25,2.33,1.44,42.9,59.0,61.7,Dallas Stars,2105.555,21,25.41,-0.295
Lindell-Petrovic,"['Lindell Esa', 'Petrovic Alexander']",pairing,2728,45.5,2,1,23,20,1.61,1.08,66.7,53.5,59.8,Dallas Stars,2474.808,13,17.16,-0.444
Lindell-Myers,"['Lindell Esa', 'Myers Tyler']",pairing,2503,41.7,1,1,18,13,0.98,0.92,50.0,58.1,51.5,Dallas Stars,4102.426,15,21.57,-0.214
Heiskanen-Petrovic,"['Heiskanen Miro', 'Petrovic Alexander']",pairing,2312,38.5,4,3,18,16,1.25,1.22,57.1,52.9,50.5,Dallas Stars,2927.922,21,32.7,-0.068
Heiskanen-Lundkvist,"['Heiskanen Miro', 'Lundkvist Nils']",pairing,2124,35.4,4,0,17,5,1.26,0.2,100.0,77.3,86.2,Dallas Stars,3242.977,29,49.15,0.317
Bichsel-Heiskanen,"['Bichsel Lian', 'Heiskanen Miro']",pairing,2000,33.3,2,0,13,9,0.85,0.64,100.0,59.1,56.9,Dallas Stars,2848.515,9,16.2,-0.435
Bichsel-Lindell,"['Bichsel Lian', 'Lindell Esa']",pairing,1733,28.9,0,5,6,27,0.36,2.06,0.0,18.2,14.9,Dallas Stars,2399.888,16,33.24,-0.1
Capobianco-Heiskanen,"['Capobianco Kyle', 'Heiskanen Miro']",pairing,1549,25.8,1,6,9,22,0.61,1.11,14.3,29.0,35.4,Dallas Stars,3599.584,17,39.51,0.136
Heiskanen-Lyubushkin,"['Heiskanen Miro', 'Lyubushkin Ilya']",pairing,1463,24.4,0,0,1,0,0.12,0.0,,100.0,100.0,Dallas Stars,2982.654,17,41.83,
Lundkvist-Petrovic,"['Lundkvist Nils', 'Petrovic Alexander']",pairing,1441,24.0,1,0,25,14,1.29,0.96,100.0,64.1,57.4,Dallas Stars,2178.976,13,32.48,-0.134
Lundkvist-Lyubushkin,"['Lundkvist Nils', 'Lyubushkin Ilya']",pairing,1255,20.9,1,0,7,11,0.5,0.51,100.0,38.9,49.7,Dallas Stars,2229.329,4,11.47,-0.589
Capobianco-Harley,"['Capobianco Kyle', 'Harley Thomas']",pairing,1227,20.4,1,0,7,8,0.56,0.45,100.0,46.7,55.3,Dallas Stars,3692.767,17,49.88,0.37
Capobianco-Lindell,"['Capobianco Kyle', 'Lindell Esa']",pairing,963,16.1,0,0,0,0,0.0,0.0,,,,Dallas Stars,3058.774,17,63.55,
Heiskanen-Myers,"['Heiskanen Miro', 'Myers Tyler']",pairing,395,6.6,0,0,2,3,0.06,0.17,,40.0,25.2,Dallas Stars,4855.44,2,18.23,
Bichsel-Capobianco,"['Bichsel Lian', 'Capobianco Kyle']",pairing,351,5.8,0,0,0,0,0.0,0.0,,,,Dallas Stars,2395.642,2,20.51,
Lundkvist-Myers,"['Lundkvist Nils', 'Myers Tyler']",pairing,343,5.7,0,0,0,0,0.0,0.0,,,,Dallas Stars,3610.499,1,10.5,
Lyubushkin-Myers,"['Lyubushkin Ilya', 'Myers Tyler']",pairing,197,3.3,0,0,0,0,0.0,0.0,,,,Dallas Stars,3330.23,0,0.0,
Edvinsson-Seider,"['Edvinsson Simon', 'Seider Moritz']",pairing,67618,1127.0,77,79,748,755,46.23,45.52,49.4,49.8,50.4,Detroit Red Wings,3017.179,508,27.05,-0.184
Bernard-Docker-Johansson,"['Bernard-Docker Jacob', 'Johansson Albert']",pairing,28630,477.2,25,24,237,259,13.89,15.1,51.0,47.8,47.9,Detroit Red Wings,2205.869,187,23.51,-0.328
Chiarot-Seider,"['Chiarot Ben', 'Seider Moritz']",pairing,15757,262.6,16,13,153,152,8.3,7.93,55.2,50.2,51.1,Detroit Red Wings,2324.814,75,17.14,-0.457
Hamonic-Johansson,"['Hamonic Travis', 'Johansson Albert']",pairing,15434,257.2,16,17,160,161,10.51,9.51,48.5,49.8,52.5,Detroit Red Wings,2370.363,101,23.56,-0.313
Chiarot-Faulk,"['Chiarot Ben', 'Faulk Justin']",pairing,15403,256.7,24,14,186,147,11.78,8.74,63.2,55.9,57.4,Detroit Red Wings,3662.038,113,26.41,-0.145
Bernard-Docker-Chiarot,"['Bernard-Docker Jacob', 'Chiarot Ben']",pairing,12416,206.9,14,18,141,130,8.34,7.97,43.8,52.0,51.1,Detroit Red Wings,1878.706,67,19.43,-0.444
Chiarot-Johansson,"['Chiarot Ben', 'Johansson Albert']",pairing,8235,137.2,8,11,77,56,4.23,3.23,42.1,57.9,56.7,Detroit Red Wings,2266.959,43,18.8,-0.426
Johansson-Seider,"['Johansson Albert', 'Seider Moritz']",pairing,6771,112.8,3,8,58,65,3.79,3.85,27.3,47.2,49.6,Detroit Red Wings,2788.985,73,38.81,0.054
Bernard-Docker-Seider,"['Bernard-Docker Jacob', 'Seider Moritz']",pairing,6415,106.9,2,1,39,34,2.22,2.07,66.7,53.4,51.8,Detroit Red Wings,2300.607,56,31.43,-0.147
Edvinsson-Johansson,"['Edvinsson Simon', 'Johansson Albert']",pairing,3824,63.7,4,0,16,18,1.23,0.99,100.0,47.1,55.4,Detroit Red Wings,2930.844,27,25.42,-0.226
Chiarot-Edvinsson,"['Chiarot Ben', 'Edvinsson Simon']",pairing,3140,52.3,1,0,7,4,0.48,0.18,100.0,63.6,73.2,Detroit Red Wings,2441.64,9,10.32,-0.597
Chiarot-Hamonic,"['Chiarot Ben', 'Hamonic Travis']",pairing,2655,44.2,2,2,7,10,0.51,0.66,50.0,41.2,43.5,Detroit Red Wings,2045.355,17,23.05,-0.351
Bernard-Docker-Edvinsson,"['Bernard-Docker Jacob', 'Edvinsson Simon']",pairing,1915,31.9,2,1,11,16,0.65,0.87,66.7,40.7,42.9,Detroit Red Wings,2418.549,11,20.68,-0.372
Edvinsson-Faulk,"['Edvinsson Simon', 'Faulk Justin']",pairing,1050,17.5,2,0,23,19,1.14,0.85,100.0,54.8,57.2,Detroit Red Wings,4761.478,9,30.86,0.043
Edvinsson-Hamonic,"['Edvinsson Simon', 'Hamonic Travis']",pairing,771,12.8,0,0,3,4,0.12,0.2,,42.9,37.9,Detroit Red Wings,2620.297,1,4.67,
Faulk-Johansson,"['Faulk Justin', 'Johansson Albert']",pairing,513,8.6,0,0,10,4,0.6,0.22,,71.4,73.0,Detroit Red Wings,4414.723,6,42.11,0.26
Hamonic-Seider,"['Hamonic Travis', 'Seider Moritz']",pairing,457,7.6,0,0,0,0,0.0,0.0,,,,Detroit Red Wings,2491.423,0,0.0,
Bernard-Docker-Hamonic,"['Bernard-Docker Jacob', 'Hamonic Travis']",pairing,446,7.4,0,0,3,0,0.2,0.0,,100.0,100.0,Detroit Red Wings,1910.124,5,40.36,
Faulk-Seider,"['Faulk Justin', 'Seider Moritz']",pairing,318,5.3,0,0,5,4,0.35,0.23,,55.6,59.9,Detroit Red Wings,4533.312,1,11.32,-0.402
Bernard-Docker-Faulk,"['Bernard-Docker Jacob', 'Faulk Justin']",pairing,198,3.3,0,0,0,0,0.0,0.0,,,,Detroit Red Wings,3653.323,1,18.18,
Bouchard-Ekholm,"['Bouchard Evan', 'Ekholm Mattias']",pairing,83619,1393.7,131,112,1139,1060,70.29,62.24,53.9,51.8,53.0,Edmonton Oilers,3963.967,886,38.14,0.136
Murphy-Nurse,"['Murphy Connor', 'Nurse Darnell']",pairing,23920,398.7,12,17,114,86,7.01,5.86,41.4,57.0,54.5,Edmonton Oilers,3837.223,179,26.94,-0.119
Nurse-Walman,"['Nurse Darnell', 'Walman Jake']",pairing,23081,384.7,34,26,282,251,17.31,14.24,56.7,52.9,54.9,Edmonton Oilers,2761.216,215,33.53,-0.063
Emberson-Kulak,"['Emberson Ty', 'Kulak Brett']",pairing,21868,364.5,28,40,315,278,19.43,17.33,41.2,53.1,52.9,Edmonton Oilers,6826.874,163,26.83,0.126
Emberson-Stastney,"['Emberson Ty', 'Stastney Spencer']",pairing,13832,230.5,8,14,70,64,4.14,4.44,36.4,52.2,48.3,Edmonton Oilers,7870.712,144,37.48,0.444
Emberson-Walman,"['Emberson Ty', 'Walman Jake']",pairing,13414,223.6,10,8,59,62,3.87,3.91,55.6,48.8,49.8,Edmonton Oilers,2753.816,94,25.23,-0.245
Emberson-Nurse,"['Emberson Ty', 'Nurse Darnell']",pairing,11967,199.4,11,11,137,124,8.64,7.4,50.0,52.5,53.9,Edmonton Oilers,2429.321,106,31.89,-0.127
Stastney-Walman,"['Stastney Spencer', 'Walman Jake']",pairing,8326,138.8,7,7,80,95,5.45,5.98,50.0,45.7,47.7,Edmonton Oilers,9235.77,63,27.24,0.333
Bouchard-Nurse,"['Bouchard Evan', 'Nurse Darnell']",pairing,7579,126.3,6,4,66,64,4.06,3.43,60.0,50.8,54.2,Edmonton Oilers,3293.705,56,26.6,-0.171
Nurse-Stastney,"['Nurse Darnell', 'Stastney Spencer']",pairing,5863,97.7,6,8,35,44,2.48,3.07,42.9,44.3,44.7,Edmonton Oilers,8113.437,48,29.47,0.289
Nurse-Stecher,"['Nurse Darnell', 'Stecher Troy']",pairing,5567,92.8,7,10,67,75,3.46,4.32,41.2,47.2,44.5,Edmonton Oilers,11722.613,33,21.34,0.409
Ekholm-Walman,"['Ekholm Mattias', 'Walman Jake']",pairing,4452,74.2,6,4,59,51,3.35,2.82,60.0,53.6,54.3,Edmonton Oilers,3319.083,51,41.24,0.151
Bouchard-Walman,"['Bouchard Evan', 'Walman Jake']",pairing,4210,70.2,2,0,9,7,0.51,0.59,100.0,56.2,46.1,Edmonton Oilers,3697.318,84,71.83,0.85
Ekholm-Nurse,"['Ekholm Mattias', 'Nurse Darnell']",pairing,3897,65.0,3,1,11,17,0.69,0.94,75.0,39.3,42.3,Edmonton Oilers,2939.423,38,35.1,-0.014
Murphy-Walman,"['Murphy Connor', 'Walman Jake']",pairing,3386,56.4,6,5,46,42,2.85,2.58,54.5,52.3,52.5,Edmonton Oilers,4362.511,19,20.2,-0.222
Kulak-Nurse,"['Kulak Brett', 'Nurse Darnell']",pairing,2755,45.9,4,5,22,29,1.33,2.04,44.4,43.1,39.5,Edmonton Oilers,6965.352,14,18.29,-0.049
Bouchard-Emberson,"['Bouchard Evan', 'Emberson Ty']",pairing,1455,24.2,0,0,0,0,0.0,0.0,,,,Edmonton Oilers,3298.752,12,29.69,
Ekholm-Emberson,"['Ekholm Mattias', 'Emberson Ty']",pairing,1389,23.1,1,0,13,7,0.96,0.4,100.0,65.0,70.5,Edmonton Oilers,2905.165,9,23.33,-0.274
Ekholm-Kulak,"['Ekholm Mattias', 'Kulak Brett']",pairing,978,16.3,0,0,0,0,0.0,0.0,,,,Edmonton Oilers,8331.052,10,36.81,
Kulak-Walman,"['Kulak Brett', 'Walman Jake']",pairing,976,16.3,2,1,3,3,0.33,0.16,66.7,50.0,66.7,Edmonton Oilers,7893.776,7,25.82,
Bouchard-Kulak,"['Bouchard Evan', 'Kulak Brett']",pairing,916,15.3,0,0,0,0,0.0,0.0,,,,Edmonton Oilers,9454.018,8,31.44,
Bouchard-Stastney,"['Bouchard Evan', 'Stastney Spencer']",pairing,880,14.7,0,0,0,0,0.0,0.0,,,,Edmonton Oilers,11098.804,12,49.09,
Ekholm-Stastney,"['Ekholm Mattias', 'Stastney Spencer']",pairing,826,13.8,0,0,2,2,0.15,0.12,,50.0,54.4,Edmonton Oilers,9676.001,7,30.51,
Ekholm-Murphy,"['Ekholm Mattias', 'Murphy Connor']",pairing,726,12.1,0,0,0,0,0.0,0.0,,,,Edmonton Oilers,4580.044,8,39.67,
Kulak-Stecher,"['Kulak Brett', 'Stecher Troy']",pairing,510,8.5,0,0,1,1,0.13,0.02,,50.0,86.7,Edmonton Oilers,32998.264,5,35.29,
Bouchard-Murphy,"['Bouchard Evan', 'Murphy Connor']",pairing,325,5.4,0,0,4,1,0.26,0.07,,80.0,79.4,Edmonton Oilers,5237.47,1,11.08,
Ekholm-Stecher,"['Ekholm Mattias', 'Stecher Troy']",pairing,303,5.0,0,0,7,5,0.38,0.2,,58.3,65.5,Edmonton Oilers,14025.806,3,35.64,0.912
Murphy-Stastney,"['Murphy Connor', 'Stastney Spencer']",pairing,216,3.6,0,0,0,0,0.0,0.0,,,,Edmonton Oilers,12282.333,5,83.33,
Bouchard-Stecher,"['Bouchard Evan', 'Stecher Troy']",pairing,176,2.9,0,0,0,0,0.0,0.0,,,,Edmonton Oilers,15896.512,1,20.45,
Emberson-Stecher,"['Emberson Ty', 'Stecher Troy']",pairing,139,2.3,0,0,0,0,0.0,0.0,,,,Edmonton Oilers,11503.204,2,51.8,
Stecher-Walman,"['Stecher Troy', 'Walman Jake']",pairing,135,2.2,0,0,0,0,0.0,0.0,,,,Edmonton Oilers,13278.289,2,53.33,
Ekblad-Forsling,"['Ekblad Aaron', 'Forsling Gustav']",pairing,23109,385.1,59,53,608,577,35.95,35.35,52.7,51.3,50.4,Florida Panthers,2583.757,313,48.76,0.255
Jones-Mikkola,"['Jones Seth', 'Mikkola Niko']",pairing,13746,229.1,42,44,424,381,25.39,23.39,48.8,52.7,52.1,Florida Panthers,2717.276,171,44.78,0.179
Balinskis-Petry,"['Balinskis Uvis', 'Petry Jeff']",pairing,7315,121.9,15,21,150,129,8.26,7.59,41.7,53.8,52.1,Florida Panthers,3679.57,114,56.1,0.505
Balinskis-Mikkola,"['Balinskis Uvis', 'Mikkola Niko']",pairing,7001,116.7,11,17,119,135,6.92,8.54,39.3,46.9,44.8,Florida Panthers,2644.381,84,43.19,0.138
Petry-Sebrango,"['Petry Jeff', 'Sebrango Donovan']",pairing,2580,43.0,13,9,106,88,6.84,5.28,59.1,54.6,56.4,Florida Panthers,31475.513,77,107.44,3.918
Jones-Sebrango,"['Jones Seth', 'Sebrango Donovan']",pairing,2228,37.1,5,6,32,47,2.06,3.05,45.5,40.5,40.3,Florida Panthers,27879.413,16,25.85,1.84
Forsling-Petry,"['Forsling Gustav', 'Petry Jeff']",pairing,1680,28.0,5,5,47,46,2.46,2.71,50.0,50.5,47.6,Florida Panthers,3275.362,17,36.43,0.042
Forsling-Mikkola,"['Forsling Gustav', 'Mikkola Niko']",pairing,1634,27.2,3,3,42,37,2.52,2.21,50.0,53.2,53.3,Florida Panthers,2369.18,20,44.06,0.134
Mikkola-Petry,"['Mikkola Niko', 'Petry Jeff']",pairing,1212,20.2,2,0,6,6,0.42,0.25,100.0,50.0,62.2,Florida Panthers,3072.863,23,68.32,0.722
Balinskis-Sebrango,"['Balinskis Uvis', 'Sebrango Donovan']",pairing,976,16.3,1,1,16,19,0.86,1.05,50.0,45.7,45.3,Florida Panthers,27053.907,5,18.44,1.61
Forsling-Jones,"['Forsling Gustav', 'Jones Seth']",pairing,937,15.6,4,6,20,19,1.24,1.14,40.0,51.3,52.1,Florida Panthers,2877.452,12,46.1,0.221
Balinskis-Forsling,"['Balinskis Uvis', 'Forsling Gustav']",pairing,898,15.0,3,1,16,9,1.0,0.58,75.0,64.0,63.5,Florida Panthers,2831.991,5,20.04,-0.352
Ekblad-Mikkola,"['Ekblad Aaron', 'Mikkola Niko']",pairing,720,12.0,1,0,2,6,0.07,0.35,100.0,25.0,16.2,Florida Panthers,2426.374,16,80.0,0.924
Balinskis-Ekblad,"['Balinskis Uvis', 'Ekblad Aaron']",pairing,628,10.5,4,2,27,24,1.4,1.64,66.7,52.9,46.0,Florida Panthers,2905.106,11,63.06,0.593
Forsling-Sebrango,"['Forsling Gustav', 'Sebrango Donovan']",pairing,527,8.8,1,1,4,3,0.37,0.22,50.0,57.1,63.2,Florida Panthers,24359.266,2,13.66,
Mikkola-Sebrango,"['Mikkola Niko', 'Sebrango Donovan']",pairing,467,7.8,1,1,11,7,0.48,0.29,50.0,61.1,62.8,Florida Panthers,22558.356,4,30.84,1.51
Ekblad-Jones,"['Ekblad Aaron', 'Jones Seth']",pairing,412,6.9,0,0,1,1,0.03,0.02,,50.0,57.2,Florida Panthers,2972.645,48,419.42,
Jones-Petry,"['Jones Seth', 'Petry Jeff']",pairing,408,6.8,0,0,2,1,0.04,0.04,,66.7,53.9,Florida Panthers,3766.966,7,61.76,
Balinskis-Jones,"['Balinskis Uvis', 'Jones Seth']",pairing,405,6.8,0,1,3,5,0.3,0.41,0.0,37.5,42.4,Florida Panthers,3251.275,10,88.89,1.186
Ekblad-Sebrango,"['Ekblad Aaron', 'Sebrango Donovan']",pairing,259,4.3,0,0,0,0,0.0,0.0,,,,Florida Panthers,24859.64,3,41.7,
Ekblad-Petry,"['Ekblad Aaron', 'Petry Jeff']",pairing,223,3.7,0,0,0,0,0.0,0.0,,,,Florida Panthers,3369.868,13,209.87,
Clarke-Edmundson,"['Clarke Brandt', 'Edmundson Joel']",pairing,64751,1079.2,44,64,580,615,34.96,36.35,40.7,48.5,49.0,Los Angeles Kings,3249.089,430,23.91,-0.233
Anderson-Doughty,"['Anderson Mikey', 'Doughty Drew']",pairing,62496,1041.6,66,76,750,719,42.12,42.4,46.5,51.1,49.8,Los Angeles Kings,2921.746,486,28.0,-0.171
Ceci-Dumoulin,"['Ceci Cody', 'Dumoulin Brian']",pairing,51499,858.3,41,45,488,454,28.64,27.28,47.7,51.8,51.2,Los Angeles Kings,2460.814,358,25.03,-0.274
Anderson-Ceci,"['Anderson Mikey', 'Ceci Cody']",pairing,16076,267.9,22,21,219,201,12.8,12.14,51.2,52.1,51.3,Los Angeles Kings,2402.756,107,23.96,-0.302
Doughty-Dumoulin,"['Doughty Drew', 'Dumoulin Brian']",pairing,15778,263.0,21,15,197,167,12.03,9.89,58.3,54.1,54.9,Los Angeles Kings,2985.847,132,30.12,-0.119
Clarke-Dumoulin,"['Clarke Brandt', 'Dumoulin Brian']",pairing,8490,141.5,12,7,111,86,6.3,4.68,63.2,56.3,57.3,Los Angeles Kings,3722.409,97,41.13,0.182
Anderson-Edmundson,"['Anderson Mikey', 'Edmundson Joel']",pairing,7528,125.5,4,4,33,46,1.89,2.43,50.0,41.8,43.8,Los Angeles Kings,2384.113,51,24.39,-0.294
Ceci-Moverare,"['Ceci Cody', 'Moverare Jacob']",pairing,5050,84.2,7,4,49,49,2.52,2.8,63.6,50.0,47.4,Los Angeles Kings,1909.364,41,29.23,-0.228
Clarke-Doughty,"['Clarke Brandt', 'Doughty Drew']",pairing,4710,78.5,7,2,44,40,3.1,2.12,77.8,52.4,59.5,Los Angeles Kings,3722.761,89,68.03,0.769
Ceci-Edmundson,"['Ceci Cody', 'Edmundson Joel']",pairing,4204,70.1,5,5,32,29,2.18,1.88,50.0,52.5,53.7,Los Angeles Kings,2078.195,29,24.83,-0.31
Anderson-Dumoulin,"['Anderson Mikey', 'Dumoulin Brian']",pairing,3815,63.6,4,3,29,16,1.94,0.98,57.1,64.4,66.4,Los Angeles Kings,2829.374,27,25.48,-0.234
Doughty-Edmundson,"['Doughty Drew', 'Edmundson Joel']",pairing,2713,45.2,0,3,14,12,0.82,0.73,0.0,53.8,52.9,Los Angeles Kings,2553.284,15,19.9,-0.378
Anderson-Clarke,"['Anderson Mikey', 'Clarke Brandt']",pairing,2592,43.2,0,0,5,4,0.27,0.29,,55.6,48.7,Los Angeles Kings,3655.697,12,16.67,-0.358
Ceci-Clarke,"['Ceci Cody', 'Clarke Brandt']",pairing,2462,41.0,1,0,4,8,0.17,0.57,100.0,33.3,22.7,Los Angeles Kings,3162.696,14,20.47,-0.315
Ceci-Doughty,"['Ceci Cody', 'Doughty Drew']",pairing,1686,28.1,0,0,3,4,0.18,0.21,,42.9,47.2,Los Angeles Kings,2536.153,13,27.76,
Dumoulin-Edmundson,"['Dumoulin Brian', 'Edmundson Joel']",pairing,1593,26.6,0,1,5,3,0.22,0.25,0.0,62.5,46.6,Los Angeles Kings,2447.577,11,24.86,-0.279
Dumoulin-Moverare,"['Dumoulin Brian', 'Moverare Jacob']",pairing,1508,25.1,1,3,11,10,0.57,0.89,25.0,52.4,39.1,Los Angeles Kings,2247.947,16,38.2,-0.004
Clarke-Moverare,"['Clarke Brandt', 'Moverare Jacob']",pairing,1391,23.2,1,2,5,9,0.18,0.37,33.3,35.7,32.3,Los Angeles Kings,2808.763,8,20.7,-0.34
Doughty-Moverare,"['Doughty Drew', 'Moverare Jacob']",pairing,508,8.5,0,0,6,5,0.34,0.31,,54.5,52.7,Los Angeles Kings,2292.856,4,28.35,-0.215
Anderson-Moverare,"['Anderson Mikey', 'Moverare Jacob']",pairing,286,4.8,0,0,0,0,0.0,0.0,,,,Los Angeles Kings,2199.354,3,37.76,
Edmundson-Moverare,"['Edmundson Joel', 'Moverare Jacob']",pairing,136,2.3,0,0,0,0,0.0,0.0,,,,Los Angeles Kings,1920.622,0,0.0,
Faber-Hughes,"['Faber Brock', 'Hughes Quinn']",pairing,64393,1073.2,81,94,849,851,50.25,49.42,46.3,49.9,50.4,Minnesota Wild,14029.543,709,39.64,0.999
Middleton-Spurgeon,"['Middleton Jake', 'Spurgeon Jared']",pairing,34506,575.1,40,36,336,329,20.16,19.31,52.6,50.5,51.1,Minnesota Wild,2218.58,216,22.54,-0.348
Brodin-Faber,"['Brodin Jonas', 'Faber Brock']",pairing,34470,574.5,43,29,357,391,21.14,22.71,59.7,47.7,48.2,Minnesota Wild,2566.445,255,26.63,-0.23
Brodin-Spurgeon,"['Brodin Jonas', 'Spurgeon Jared']",pairing,26795,446.6,29,24,263,256,15.29,14.29,54.7,50.7,51.7,Minnesota Wild,2294.583,229,30.77,-0.162
Bogosian-Middleton,"['Bogosian Zach', 'Middleton Jake']",pairing,17683,294.7,20,13,190,192,11.43,11.57,60.6,49.7,49.7,Minnesota Wild,1623.627,129,26.26,-0.316
Bogosian-Buium,"['Bogosian Zach', 'Buium Zeev']",pairing,9640,160.7,14,16,123,154,8.31,9.0,46.7,44.4,48.0,Minnesota Wild,4135.217,65,24.27,-0.152
Hughes-Spurgeon,"['Hughes Quinn', 'Spurgeon Jared']",pairing,7867,131.1,5,5,50,45,2.89,2.82,50.0,52.6,50.6,Minnesota Wild,13507.445,83,37.98,0.92
Faber-Middleton,"['Faber Brock', 'Middleton Jake']",pairing,6754,112.6,11,7,61,66,3.37,3.7,61.1,48.0,47.7,Minnesota Wild,2506.919,31,16.52,-0.456
Buium-Spurgeon,"['Buium Zeev', 'Spurgeon Jared']",pairing,6534,108.9,11,8,70,84,4.43,4.53,57.9,45.5,49.4,Minnesota Wild,5377.81,45,24.79,-0.038
Hunt-Jiricek,"['Hunt Daemon', 'Jiricek David']",pairing,5326,88.8,7,4,52,40,2.83,2.05,63.6,56.5,58.0,Minnesota Wild,34251.63,59,39.88,2.672
Middleton-Petry,"['Middleton Jake', 'Petry Jeff']",pairing,4831,80.5,3,1,21,23,1.17,1.38,75.0,47.7,46.0,Minnesota Wild,3208.694,27,20.12,-0.319
Jiricek-Middleton,"['Jiricek David', 'Middleton Jake']",pairing,4672,77.9,1,1,9,5,0.55,0.35,50.0,64.3,61.3,Minnesota Wild,1935.141,41,31.59,-0.174
Buium-Faber,"['Buium Zeev', 'Faber Brock']",pairing,4538,75.6,6,9,74,67,5.06,4.16,40.0,52.5,54.9,Minnesota Wild,5773.62,25,19.83,-0.114
Brodin-Middleton,"['Brodin Jonas', 'Middleton Jake']",pairing,4430,73.8,5,0,29,29,1.78,1.74,100.0,50.0,50.5,Minnesota Wild,2493.475,33,26.82,-0.232
Bogosian-Hunt,"['Bogosian Zach', 'Hunt Daemon']",pairing,3891,64.8,5,2,32,34,1.72,2.24,71.4,48.5,43.5,Minnesota Wild,28813.955,22,20.35,1.797
Bogosian-Spurgeon,"['Bogosian Zach', 'Spurgeon Jared']",pairing,3702,61.7,3,3,31,36,1.65,2.09,50.0,46.3,44.1,Minnesota Wild,1512.27,26,25.28,-0.347
Buium-Jiricek,"['Buium Zeev', 'Jiricek David']",pairing,3444,57.4,5,4,48,51,3.1,2.5,55.6,48.5,55.3,Minnesota Wild,5007.631,15,15.68,-0.268
Faber-Spurgeon,"['Faber Brock', 'Spurgeon Jared']",pairing,3444,57.4,7,1,45,37,2.96,2.15,87.5,54.9,57.9,Minnesota Wild,2259.825,79,82.58,0.966
Buium-Hunt,"['Buium Zeev', 'Hunt Daemon']",pairing,3386,56.4,2,4,17,22,1.05,1.43,33.3,43.6,42.2,Minnesota Wild,108666.538,16,17.01,8.309
Hunt-Spurgeon,"['Hunt Daemon', 'Spurgeon Jared']",pairing,3339,55.6,4,7,26,35,1.34,2.27,36.4,42.6,37.1,Minnesota Wild,39685.248,12,12.94,2.532
Hughes-Middleton,"['Hughes Quinn', 'Middleton Jake']",pairing,2579,43.0,0,0,17,21,0.94,1.29,,44.7,42.0,Minnesota Wild,15412.698,23,32.11,0.949
Bogosian-Hughes,"['Bogosian Zach', 'Hughes Quinn']",pairing,2505,41.8,0,0,3,2,0.19,0.14,,60.0,58.5,Minnesota Wild,10697.209,15,21.56,
Hunt-Middleton,"['Hunt Daemon', 'Middleton Jake']",pairing,2502,41.7,1,0,11,7,0.59,0.26,100.0,61.1,69.3,Minnesota Wild,42577.759,17,24.46,3.022
Kiersted-Spacek,"['Kiersted Matt', 'Spacek David']",pairing,1914,31.9,0,2,3,14,0.1,1.03,0.0,17.6,8.6,Minnesota Wild,561.828,0,0.0,-0.977
Gustafsson-Kiersted,"['Gustafsson Nyberg Viking', 'Kiersted Matt']",pairing,1765,29.4,3,1,20,13,1.24,1.05,75.0,60.6,54.1,Minnesota Wild,1446.204,5,10.2,-0.681
Faber-Hunt,"['Faber Brock', 'Hunt Daemon']",pairing,1758,29.3,0,1,6,4,0.37,0.33,0.0,60.0,53.4,Minnesota Wild,45190.741,16,32.76,3.419
Hunt-Petry,"['Hunt Daemon', 'Petry Jeff']",pairing,1716,28.6,1,2,31,17,2.08,1.04,33.3,64.6,66.7,Minnesota Wild,57336.066,13,27.27,4.3
Bogosian-Jiricek,"['Bogosian Zach', 'Jiricek David']",pairing,1633,27.2,5,7,42,50,2.61,3.28,41.7,45.7,44.3,Minnesota Wild,1306.952,0,0.0,-0.915
Brodin-Hughes,"['Brodin Jonas', 'Hughes Quinn']",pairing,1590,26.5,1,0,2,1,0.23,0.07,100.0,66.7,75.1,Minnesota Wild,15505.635,23,52.08,
Jiricek-Lambos,"['Jiricek David', 'Lambos Carson']",pairing,1357,22.6,2,0,4,2,0.28,0.09,100.0,66.7,76.5,Minnesota Wild,772.82,2,5.31,
Brodin-Buium,"['Brodin Jonas', 'Buium Zeev']",pairing,1221,20.4,0,0,0,0,0.0,0.0,,,,Minnesota Wild,6123.911,4,11.79,
Kiersted-Spurgeon,"['Kiersted Matt', 'Spurgeon Jared']",pairing,1219,20.3,0,1,1,7,0.02,0.78,0.0,12.5,2.2,Minnesota Wild,1569.771,5,14.77,-0.571
Brodin-Hunt,"['Brodin Jonas', 'Hunt Daemon']",pairing,1127,18.8,1,0,8,7,0.44,0.33,100.0,53.3,56.7,Minnesota Wild,44510.974,13,41.53,3.554
Bogosian-Brodin,"['Bogosian Zach', 'Brodin Jonas']",pairing,1123,18.7,0,0,0,1,0.0,0.03,,0.0,0.0,Minnesota Wild,1696.6,14,44.88,
Bogosian-Faber,"['Bogosian Zach', 'Faber Brock']",pairing,1074,17.9,0,0,0,0,0.0,0.0,,,,Minnesota Wild,1720.403,4,13.41,
Jiricek-Kiersted,"['Jiricek David', 'Kiersted Matt']",pairing,1060,17.7,2,1,13,15,0.91,0.76,66.7,46.4,54.5,Minnesota Wild,1419.318,8,27.17,-0.313
Buium-Middleton,"['Buium Zeev', 'Middleton Jake']",pairing,975,16.2,0,0,0,0,0.0,0.0,,,,Minnesota Wild,6008.347,7,25.85,
Bogosian-Lambos,"['Bogosian Zach', 'Lambos Carson']",pairing,967,16.1,0,0,0,0,0.0,0.0,,,,Minnesota Wild,638.647,0,0.0,
Hunt-Spacek,"['Hunt Daemon', 'Spacek David']",pairing,900,15.0,1,2,9,17,0.47,0.96,33.3,34.6,32.8,Minnesota Wild,14588.617,7,28.0,0.791
Brodin-Petry,"['Brodin Jonas', 'Petry Jeff']",pairing,855,14.2,0,0,1,4,0.03,0.14,,20.0,17.0,Minnesota Wild,3323.165,9,37.89,
Hughes-Hunt,"['Hughes Quinn', 'Hunt Daemon']",pairing,789,13.2,0,1,2,4,0.06,0.34,0.0,33.3,15.4,Minnesota Wild,281438.436,7,31.94,
Jiricek-Spurgeon,"['Jiricek David', 'Spurgeon Jared']",pairing,598,10.0,0,0,0,0,0.0,0.0,,,,Minnesota Wild,1812.135,6,36.12,
Hughes-Jiricek,"['Hughes Quinn', 'Jiricek David']",pairing,583,9.7,4,1,22,16,1.37,1.18,80.0,57.9,53.7,Minnesota Wild,13071.14,5,30.87,0.729
Faber-Jiricek,"['Faber Brock', 'Jiricek David']",pairing,479,8.0,0,0,6,2,0.68,0.07,,75.0,91.2,Minnesota Wild,2076.852,1,7.52,-0.688
Hughes-Petry,"['Hughes Quinn', 'Petry Jeff']",pairing,436,7.3,0,0,0,0,0.0,0.0,,,,Minnesota Wild,19748.469,2,16.51,
Kiersted-Middleton,"['Kiersted Matt', 'Middleton Jake']",pairing,398,6.6,0,0,5,6,0.27,0.26,,45.5,51.4,Minnesota Wild,1726.197,3,27.14,-0.288
Bogosian-Petry,"['Bogosian Zach', 'Petry Jeff']",pairing,362,6.0,0,0,0,0,0.0,0.0,,,,Minnesota Wild,2185.17,0,0.0,
Hughes-Spacek,"['Hughes Quinn', 'Spacek David']",pairing,195,3.2,0,0,9,9,0.53,0.57,,50.0,48.6,Minnesota Wild,4631.606,2,36.92,
Gustafsson-Hunt,"['Gustafsson Nyberg Viking', 'Hunt Daemon']",pairing,193,3.2,0,1,2,3,0.09,0.14,0.0,40.0,39.3,Minnesota Wild,35078.887,3,55.96,
Hughes-Kiersted,"['Hughes Quinn', 'Kiersted Matt']",pairing,170,2.8,0,0,0,0,0.0,0.0,,,,Minnesota Wild,10114.271,1,21.18,
Brodin-Jiricek,"['Brodin Jonas', 'Jiricek David']",pairing,159,2.6,0,1,2,3,0.13,0.24,0.0,40.0,35.6,Minnesota Wild,2028.985,2,45.28,
Middleton-Spacek,"['Middleton Jake', 'Spacek David']",pairing,148,2.5,0,0,0,0,0.0,0.0,,,,Minnesota Wild,810.766,3,72.97,
Faber-Petry,"['Faber Brock', 'Petry Jeff']",pairing,144,2.4,0,0,0,0,0.0,0.0,,,,Minnesota Wild,3285.804,1,25.0,
Faber-Kiersted,"['Faber Brock', 'Kiersted Matt']",pairing,135,2.2,0,0,0,0,0.0,0.0,,,,Minnesota Wild,1725.865,0,0.0,
Dobson-Matheson,"['Dobson Noah', 'Matheson Mike']",pairing,65547,1092.5,65,74,615,670,35.55,40.21,46.8,47.9,46.9,Montreal Canadiens,2144.384,519,28.5,-0.224
Hutson-Struble,"['Hutson Lane', 'Struble Jayden']",pairing,33181,553.0,43,30,347,362,20.18,21.57,58.9,48.9,48.3,Montreal Canadiens,2429.726,257,27.88,-0.214
Dobson-Hutson,"['Dobson Noah', 'Hutson Lane']",pairing,25288,421.5,30,28,248,261,15.08,14.92,51.7,48.7,50.3,Montreal Canadiens,2962.94,234,33.31,-0.052
Carrier-Matheson,"['Carrier Alexandre', 'Matheson Mike']",pairing,24137,402.3,41,37,314,322,19.3,19.99,52.6,49.4,49.1,Montreal Canadiens,1786.306,152,22.67,-0.381
Carrier-Hutson,"['Carrier Alexandre', 'Hutson Lane']",pairing,22375,372.9,23,38,194,249,11.11,15.98,37.7,43.8,41.0,Montreal Canadiens,2484.704,192,30.89,-0.144
Carrier-Xhekaj,"['Carrier Alexandre', 'Xhekaj Arber']",pairing,20803,346.7,19,11,152,172,9.04,10.81,63.3,46.9,45.6,Montreal Canadiens,1744.291,127,21.98,-0.399
Guhle-Hutson,"['Guhle Kaiden', 'Hutson Lane']",pairing,20236,337.3,16,22,170,160,10.36,9.93,42.1,51.5,51.1,Montreal Canadiens,2034.717,106,18.86,-0.444
Carrier-Guhle,"['Carrier Alexandre', 'Guhle Kaiden']",pairing,16207,270.1,21,14,149,134,9.2,7.92,60.0,52.7,53.8,Montreal Canadiens,1337.604,73,16.22,-0.559
Guhle-Matheson,"['Guhle Kaiden', 'Matheson Mike']",pairing,12943,215.7,13,23,134,155,8.49,10.29,36.1,46.4,45.2,Montreal Canadiens,1473.584,78,21.7,-0.428
Struble-Xhekaj,"['Struble Jayden', 'Xhekaj Arber']",pairing,9794,163.2,15,11,100,114,5.83,7.14,57.7,46.7,44.9,Montreal Canadiens,1664.644,69,25.36,-0.332
Carrier-Struble,"['Carrier Alexandre', 'Struble Jayden']",pairing,6645,110.8,16,6,74,69,4.93,4.2,72.7,51.7,54.0,Montreal Canadiens,1564.042,41,22.21,-0.409
Hutson-Xhekaj,"['Hutson Lane', 'Xhekaj Arber']",pairing,6502,108.4,10,4,56,52,3.12,2.9,71.4,51.9,51.8,Montreal Canadiens,2724.07,39,21.59,-0.327
Hutson-Matheson,"['Hutson Lane', 'Matheson Mike']",pairing,5714,95.2,4,1,32,33,1.67,2.0,80.0,49.2,45.5,Montreal Canadiens,2745.166,46,28.98,-0.164
Engstrom-Xhekaj,"['Engstrom Adam', 'Xhekaj Arber']",pairing,5684,94.7,2,4,44,48,2.87,2.92,33.3,47.8,49.5,Montreal Canadiens,1950.59,46,29.13,-0.226
Guhle-Xhekaj,"['Guhle Kaiden', 'Xhekaj Arber']",pairing,5582,93.0,6,3,49,45,3.13,2.88,66.7,52.1,52.0,Montreal Canadiens,1444.063,27,17.41,-0.524
Dobson-Guhle,"['Dobson Noah', 'Guhle Kaiden']",pairing,4788,79.8,3,4,32,55,1.7,3.3,42.9,36.8,34.0,Montreal Canadiens,1602.47,9,6.77,-0.743
Dobson-Struble,"['Dobson Noah', 'Struble Jayden']",pairing,3398,56.6,1,2,18,17,1.14,0.95,33.3,51.4,54.6,Montreal Canadiens,1881.651,20,21.19,-0.405
Engstrom-Struble,"['Engstrom Adam', 'Struble Jayden']",pairing,2449,40.8,5,0,27,22,1.61,1.26,100.0,55.1,56.1,Montreal Canadiens,1748.624,9,13.23,-0.59
Engstrom-Hutson,"['Engstrom Adam', 'Hutson Lane']",pairing,2307,38.5,1,1,12,11,0.46,0.55,50.0,52.2,45.3,Montreal Canadiens,2772.716,17,26.53,-0.215
Matheson-Struble,"['Matheson Mike', 'Struble Jayden']",pairing,2019,33.6,0,0,3,2,0.24,0.17,,60.0,58.1,Montreal Canadiens,1718.527,14,24.96,
Carrier-Dobson,"['Carrier Alexandre', 'Dobson Noah']",pairing,1982,33.0,0,1,10,13,0.52,0.91,0.0,43.5,36.1,Montreal Canadiens,1946.646,6,10.9,-0.625
Matheson-Xhekaj,"['Matheson Mike', 'Xhekaj Arber']",pairing,1858,31.0,0,0,0,0,0.0,0.0,,,,Montreal Canadiens,1915.3,10,19.38,
Dobson-Xhekaj,"['Dobson Noah', 'Xhekaj Arber']",pairing,1837,30.6,0,1,2,5,0.1,0.35,0.0,28.6,22.1,Montreal Canadiens,2100.744,11,21.56,
Guhle-Struble,"['Guhle Kaiden', 'Struble Jayden']",pairing,1698,28.3,3,2,12,14,0.61,0.66,60.0,46.2,48.1,Montreal Canadiens,1293.319,6,12.72,-0.639
Dobson-Engstrom,"['Dobson Noah', 'Engstrom Adam']",pairing,1266,21.1,1,0,6,11,0.34,0.64,100.0,35.3,34.5,Montreal Canadiens,2174.485,8,22.75,-0.347
Engstrom-Matheson,"['Engstrom Adam', 'Matheson Mike']",pairing,906,15.1,0,1,8,7,0.46,0.34,0.0,53.3,57.6,Montreal Canadiens,1996.193,5,19.87,-0.425
Engstrom-Guhle,"['Engstrom Adam', 'Guhle Kaiden']",pairing,781,13.0,0,0,3,0,0.17,0.0,,100.0,100.0,Montreal Canadiens,1494.121,8,36.88,
Reinbacher-Xhekaj,"['Reinbacher David', 'Xhekaj Arber']",pairing,682,11.4,0,0,0,0,0.0,0.0,,,,Montreal Canadiens,1114.755,4,21.11,
Hutson-Reinbacher,"['Hutson Lane', 'Reinbacher David']",pairing,678,11.3,0,1,0,3,0.0,0.16,0.0,0.0,0.0,Montreal Canadiens,1680.372,4,21.24,
Carrier-Engstrom,"['Carrier Alexandre', 'Engstrom Adam']",pairing,638,10.6,1,0,3,11,0.21,0.7,100.0,21.4,23.0,Montreal Canadiens,1813.169,1,5.64,-0.751
Matheson-Reinbacher,"['Matheson Mike', 'Reinbacher David']",pairing,164,2.7,1,0,3,3,0.16,0.26,100.0,50.0,38.6,Montreal Canadiens,1163.397,0,0.0,
Reinbacher-Struble,"['Reinbacher David', 'Struble Jayden']",pairing,134,2.2,0,0,0,0,0.0,0.0,,,,Montreal Canadiens,1005.849,2,53.73,
Josi-Skjei,"['Josi Roman', 'Skjei Brady']",pairing,29754,495.9,28,41,369,402,21.01,25.3,40.6,47.9,45.4,Nashville Predators,4232.885,214,25.89,-0.109
Perbix-Skjei,"['Perbix Nick', 'Skjei Brady']",pairing,21553,359.2,15,26,224,260,13.3,15.08,36.6,46.3,46.9,Nashville Predators,3490.978,141,23.55,-0.221
Hague-Perbix,"['Hague Nicolas', 'Perbix Nick']",pairing,13157,219.3,26,14,120,149,7.31,9.28,65.0,44.6,44.1,Nashville Predators,3237.355,83,22.71,-0.26
Blankenburg-Hague,"['Blankenburg Nick', 'Hague Nicolas']",pairing,11322,188.7,6,9,95,89,5.55,6.42,40.0,51.6,46.4,Nashville Predators,4476.065,62,19.71,-0.224
Skjei-Wilsby,"['Skjei Brady', 'Wilsby Adam']",pairing,9908,165.1,12,16,106,130,5.93,7.19,42.9,44.9,45.2,Nashville Predators,3516.38,62,22.53,-0.241
Hague-Josi,"['Hague Nicolas', 'Josi Roman']",pairing,9715,161.9,11,9,87,89,5.6,5.12,55.0,49.4,52.2,Nashville Predators,4058.774,56,20.75,-0.235
Barron-Wilsby,"['Barron Justin', 'Wilsby Adam']",pairing,8067,134.4,11,9,98,70,5.67,4.86,55.0,58.3,53.9,Nashville Predators,3736.53,78,34.81,0.045
Josi-Perbix,"['Josi Roman', 'Perbix Nick']",pairing,7839,130.7,10,10,79,73,5.03,4.94,50.0,52.0,50.4,Nashville Predators,4361.758,42,19.29,-0.242
Barron-Stastney,"['Barron Justin', 'Stastney Spencer']",pairing,7763,129.4,7,13,117,136,7.8,8.29,35.0,46.2,48.5,Nashville Predators,10145.01,59,27.36,0.411
Josi-Wilsby,"['Josi Roman', 'Wilsby Adam']",pairing,6980,116.3,6,7,67,54,4.4,3.43,46.2,55.4,56.2,Nashville Predators,4303.975,48,24.76,-0.128
Barron-Hague,"['Barron Justin', 'Hague Nicolas']",pairing,6027,100.5,8,15,90,101,5.48,6.78,34.8,47.1,44.7,Nashville Predators,3394.219,35,20.91,-0.287
Hague-Wilsby,"['Hague Nicolas', 'Wilsby Adam']",pairing,5767,96.1,7,6,67,80,3.62,4.72,53.8,45.6,43.4,Nashville Predators,3300.432,45,28.09,-0.138
Perbix-Wilsby,"['Perbix Nick', 'Wilsby Adam']",pairing,5634,93.9,5,9,39,45,2.53,2.71,35.7,46.4,48.2,Nashville Predators,3593.853,37,23.64,-0.211
Blankenburg-Stastney,"['Blankenburg Nick', 'Stastney Spencer']",pairing,5350,89.2,5,6,42,39,2.55,2.52,45.5,51.9,50.3,Nashville Predators,13423.839,39,26.24,0.657
Barron-Blankenburg,"['Barron Justin', 'Blankenburg Nick']",pairing,4259,71.0,7,8,66,74,3.63,4.39,46.7,47.1,45.3,Nashville Predators,5049.313,24,20.29,-0.164
Barron-Skjei,"['Barron Justin', 'Skjei Brady']",pairing,3686,61.4,2,4,31,41,1.9,2.4,33.3,43.1,44.2,Nashville Predators,3637.697,24,23.44,-0.211
Barron-Josi,"['Barron Justin', 'Josi Roman']",pairing,3513,58.5,1,0,13,16,0.59,0.72,100.0,44.8,45.2,Nashville Predators,4497.948,23,23.57,-0.138
Blankenburg-Josi,"['Blankenburg Nick', 'Josi Roman']",pairing,3212,53.5,6,4,33,55,1.61,3.8,60.0,37.5,29.8,Nashville Predators,5779.696,44,49.32,0.53
Hague-Skjei,"['Hague Nicolas', 'Skjei Brady']",pairing,1795,29.9,0,1,9,11,0.55,0.81,0.0,45.0,40.6,Nashville Predators,3194.279,12,24.07,-0.234
Blankenburg-Perbix,"['Blankenburg Nick', 'Perbix Nick']",pairing,1388,23.1,0,0,5,11,0.17,0.7,,31.2,19.7,Nashville Predators,4863.168,5,12.97,-0.339
Blankenburg-Wilsby,"['Blankenburg Nick', 'Wilsby Adam']",pairing,1226,20.4,2,1,13,10,0.76,0.67,66.7,56.5,53.3,Nashville Predators,4863.898,16,46.98,0.404
Blankenburg-Skjei,"['Blankenburg Nick', 'Skjei Brady']",pairing,1190,19.8,2,1,6,10,0.56,0.49,66.7,37.5,53.8,Nashville Predators,4751.807,17,51.43,0.492
Stastney-Wilsby,"['Stastney Spencer', 'Wilsby Adam']",pairing,1113,18.6,1,1,7,11,0.46,0.7,50.0,38.9,39.3,Nashville Predators,9885.471,9,29.11,0.428
Hague-Stastney,"['Hague Nicolas', 'Stastney Spencer']",pairing,966,16.1,0,0,1,0,0.02,0.0,,100.0,100.0,Nashville Predators,8712.857,11,40.99,
Barron-Perbix,"['Barron Justin', 'Perbix Nick']",pairing,952,15.9,1,1,4,5,0.32,0.28,50.0,44.4,53.7,Nashville Predators,3709.511,2,7.56,-0.552
Skjei-Stastney,"['Skjei Brady', 'Stastney Spencer']",pairing,557,9.3,0,1,3,4,0.18,0.18,0.0,42.9,49.0,Nashville Predators,9547.439,5,32.32,
Perbix-Stastney,"['Perbix Nick', 'Stastney Spencer']",pairing,365,6.1,0,0,0,0,0.0,0.0,,,,Nashville Predators,9654.783,3,29.59,
Josi-Stastney,"['Josi Roman', 'Stastney Spencer']",pairing,216,3.6,0,0,0,0,0.0,0.0,,,,Nashville Predators,12248.221,4,66.67,
Hamilton-Siegenthaler,"['Hamilton Dougie', 'Siegenthaler Jonas']",pairing,55373,922.9,58,56,553,569,32.37,35.08,50.9,49.3,48.0,New Jersey Devils,2885.193,397,25.81,-0.222
Dillon-Nemec,"['Dillon Brenden', 'Nemec Simon']",pairing,32477,541.3,20,40,375,333,22.38,20.36,33.3,53.0,52.4,New Jersey Devils,1983.618,242,26.83,-0.274
Hughes-Pesce,"['Hughes Luke', 'Pesce Brett']",pairing,22100,368.3,23,24,295,237,17.7,14.38,48.9,55.5,55.2,New Jersey Devils,3506.935,181,29.48,-0.09
Dillon-Hughes,"['Dillon Brenden', 'Hughes Luke']",pairing,15790,263.2,24,29,249,228,14.46,14.28,45.3,52.2,50.3,New Jersey Devils,2669.166,128,29.18,-0.166
Hughes-Kovacevic,"['Hughes Luke', 'Kovacevic Johnathan']",pairing,14209,236.8,10,13,151,143,9.13,8.31,43.5,51.4,52.4,New Jersey Devils,3725.742,93,23.56,-0.202
Hughes-Nemec,"['Hughes Luke', 'Nemec Simon']",pairing,13834,230.6,18,21,152,155,9.9,9.17,46.2,49.5,51.9,New Jersey Devils,3276.302,165,42.94,0.185
Nemec-Siegenthaler,"['Nemec Simon', 'Siegenthaler Jonas']",pairing,10884,181.4,14,4,105,113,5.93,6.85,77.8,48.2,46.4,New Jersey Devils,2643.822,75,24.81,-0.263
Kovacevic-Siegenthaler,"['Kovacevic Johnathan', 'Siegenthaler Jonas']",pairing,7860,131.0,7,7,67,61,3.99,3.32,50.0,52.3,54.6,New Jersey Devils,2722.321,44,20.15,-0.359
Dillon-Hamilton,"['Dillon Brenden', 'Hamilton Dougie']",pairing,6649,110.8,8,7,52,52,3.46,3.28,53.3,50.0,51.3,New Jersey Devils,2184.443,52,28.15,-0.228
Hamilton-Hughes,"['Hamilton Dougie', 'Hughes Luke']",pairing,5598,93.3,1,5,24,32,1.24,2.2,16.7,42.9,36.0,New Jersey Devils,3703.622,54,34.73,0.041
Pesce-Siegenthaler,"['Pesce Brett', 'Siegenthaler Jonas']",pairing,4973,82.9,11,7,66,78,4.24,4.55,61.1,45.8,48.2,New Jersey Devils,2642.916,24,17.37,-0.426
Cholowski-Nemec,"['Cholowski Dennis', 'Nemec Simon']",pairing,3844,64.1,3,4,29,27,1.68,2.44,42.9,51.8,40.8,New Jersey Devils,2532.066,28,26.22,-0.242
Hamilton-Pesce,"['Hamilton Dougie', 'Pesce Brett']",pairing,3822,63.7,4,0,14,14,1.0,0.71,100.0,50.0,58.7,New Jersey Devils,2874.5,38,35.79,-0.005
Dillon-Pesce,"['Dillon Brenden', 'Pesce Brett']",pairing,3389,56.5,6,7,71,42,4.79,2.49,46.2,62.8,65.8,New Jersey Devils,2018.6,18,19.12,-0.439
Dillon-Siegenthaler,"['Dillon Brenden', 'Siegenthaler Jonas']",pairing,3224,53.7,3,0,22,20,1.4,1.25,100.0,52.4,52.8,New Jersey Devils,2004.5,18,20.1,-0.419
Hamilton-Nemec,"['Hamilton Dougie', 'Nemec Simon']",pairing,3204,53.4,3,1,35,33,1.9,2.02,75.0,51.5,48.5,New Jersey Devils,2768.962,46,51.69,0.334
Kovacevic-Nemec,"['Kovacevic Johnathan', 'Nemec Simon']",pairing,2540,42.3,2,2,35,26,2.15,1.44,50.0,57.4,59.9,New Jersey Devils,2756.745,10,14.17,-0.486
Cholowski-Hamilton,"['Cholowski Dennis', 'Hamilton Dougie']",pairing,2518,42.0,5,4,42,37,2.49,2.61,55.6,53.2,48.8,New Jersey Devils,2760.799,17,24.31,-0.265
Dillon-Kovacevic,"['Dillon Brenden', 'Kovacevic Johnathan']",pairing,2507,41.8,3,1,9,9,0.71,0.78,75.0,50.0,47.7,New Jersey Devils,2096.705,22,31.59,-0.161
Hughes-Siegenthaler,"['Hughes Luke', 'Siegenthaler Jonas']",pairing,2460,41.0,0,0,0,0,0.0,0.0,,,,New Jersey Devils,3576.238,28,40.98,
Cholowski-Kovacevic,"['Cholowski Dennis', 'Kovacevic Johnathan']",pairing,1772,29.5,1,1,31,37,1.93,2.12,50.0,45.6,47.6,New Jersey Devils,2600.556,14,28.44,-0.188
Nemec-Pesce,"['Nemec Simon', 'Pesce Brett']",pairing,1760,29.3,0,4,11,11,0.59,0.98,0.0,50.0,37.7,New Jersey Devils,2607.694,14,28.64,-0.183
Kovacevic-Pesce,"['Kovacevic Johnathan', 'Pesce Brett']",pairing,1459,24.3,0,1,6,10,0.28,0.48,0.0,37.5,36.5,New Jersey Devils,2764.048,8,19.74,-0.364
Cholowski-Dillon,"['Cholowski Dennis', 'Dillon Brenden']",pairing,1413,23.6,0,1,9,11,0.47,0.77,0.0,45.0,38.2,New Jersey Devils,1916.251,11,28.03,-0.253
Cholowski-Hughes,"['Cholowski Dennis', 'Hughes Luke']",pairing,779,13.0,0,1,9,6,0.42,0.4,0.0,60.0,50.8,New Jersey Devils,3426.801,4,18.49,-0.337
Hamilton-Kovacevic,"['Hamilton Dougie', 'Kovacevic Johnathan']",pairing,598,10.0,0,0,0,0,0.0,0.0,,,,New Jersey Devils,3012.988,6,36.12,
Cholowski-Siegenthaler,"['Cholowski Dennis', 'Siegenthaler Jonas']",pairing,438,7.3,0,0,2,2,0.21,0.1,,50.0,67.4,New Jersey Devils,2482.052,2,16.44,
Pulock-Schaefer,"['Pulock Ryan', 'Schaefer Matthew']",pairing,32818,547.0,26,37,345,406,20.36,24.26,41.3,45.9,45.6,New York Islanders,4082.969,324,35.54,0.09
DeAngelo-Pelech,"['DeAngelo Tony', 'Pelech Adam']",pairing,27995,466.6,31,24,273,299,16.3,18.56,56.4,47.7,46.8,New York Islanders,3832.328,295,37.94,0.121
Pelech-Pulock,"['Pelech Adam', 'Pulock Ryan']",pairing,13853,230.9,9,28,152,175,8.66,10.63,24.3,46.5,44.9,New York Islanders,3089.056,101,26.25,-0.195
Mayfield-Schaefer,"['Mayfield Scott', 'Schaefer Matthew']",pairing,12298,205.0,19,15,175,160,10.74,9.12,55.9,52.2,54.1,New York Islanders,3848.241,111,32.49,0.004
Mayfield-Soucy,"['Mayfield Scott', 'Soucy Carson']",pairing,9016,150.3,9,12,81,72,5.19,4.8,42.9,52.9,52.0,New York Islanders,3408.776,46,18.37,-0.341
Boqvist-Mayfield,"['Boqvist Adam', 'Mayfield Scott']",pairing,7052,117.5,9,6,102,93,5.91,5.31,60.0,52.3,52.7,New York Islanders,2064.18,49,25.01,-0.307
DeAngelo-Romanov,"['DeAngelo Tony', 'Romanov Alexander']",pairing,6458,107.6,3,9,64,70,4.15,4.34,25.0,47.8,48.8,New York Islanders,3144.419,76,42.37,0.161
Pelech-Schaefer,"['Pelech Adam', 'Schaefer Matthew']",pairing,6136,102.3,6,2,53,42,2.97,2.64,75.0,55.8,52.9,New York Islanders,4742.207,44,25.81,-0.069
DeAngelo-Schaefer,"['DeAngelo Tony', 'Schaefer Matthew']",pairing,5791,96.5,5,8,49,62,2.69,3.68,38.5,44.1,42.2,New York Islanders,4793.679,109,67.76,0.852
Pelech-Soucy,"['Pelech Adam', 'Soucy Carson']",pairing,4386,73.1,4,4,23,28,1.28,1.65,50.0,45.1,43.8,New York Islanders,4381.946,46,37.76,0.163
Mayfield-Pelech,"['Mayfield Scott', 'Pelech Adam']",pairing,4130,68.8,3,2,20,16,1.41,0.92,60.0,55.6,60.5,New York Islanders,2819.252,23,20.05,-0.353
Mayfield-Romanov,"['Mayfield Scott', 'Romanov Alexander']",pairing,3757,62.6,5,8,37,34,1.82,2.39,38.5,52.1,43.2,New York Islanders,2306.238,26,24.91,-0.289
DeAngelo-Soucy,"['DeAngelo Tony', 'Soucy Carson']",pairing,2182,36.4,5,1,27,29,1.93,2.13,83.3,48.2,47.6,New York Islanders,4911.001,15,24.75,-0.078
DeAngelo-Mayfield,"['DeAngelo Tony', 'Mayfield Scott']",pairing,2005,33.4,0,0,0,0,0.0,0.0,,,,New York Islanders,3089.103,17,30.52,
Boqvist-DeAngelo,"['Boqvist Adam', 'DeAngelo Tony']",pairing,1986,33.1,6,2,16,20,1.17,1.28,75.0,44.4,47.8,New York Islanders,2788.207,18,32.63,-0.081
Boqvist-Schaefer,"['Boqvist Adam', 'Schaefer Matthew']",pairing,1745,29.1,2,3,26,27,1.08,1.86,40.0,49.1,36.7,New York Islanders,3444.391,17,35.07,0.027
DeAngelo-Pulock,"['DeAngelo Tony', 'Pulock Ryan']",pairing,1528,25.5,1,1,4,5,0.31,0.19,50.0,44.4,62.2,New York Islanders,3306.199,14,32.98,-0.03
Schaefer-Soucy,"['Schaefer Matthew', 'Soucy Carson']",pairing,1521,25.4,1,0,1,0,0.17,0.0,100.0,100.0,100.0,New York Islanders,6167.725,10,23.67,
Mayfield-Pulock,"['Mayfield Scott', 'Pulock Ryan']",pairing,1350,22.5,0,0,1,3,0.03,0.12,,25.0,18.6,New York Islanders,2450.628,3,8.0,
Boqvist-Pelech,"['Boqvist Adam', 'Pelech Adam']",pairing,860,14.3,0,0,1,0,0.06,0.0,,100.0,100.0,New York Islanders,2602.853,10,41.86,
Pulock-Soucy,"['Pulock Ryan', 'Soucy Carson']",pairing,783,13.1,0,0,1,0,0.07,0.0,,100.0,100.0,New York Islanders,3819.67,7,32.18,
Romanov-Schaefer,"['Romanov Alexander', 'Schaefer Matthew']",pairing,467,7.8,1,0,1,1,0.12,0.1,100.0,50.0,54.5,New York Islanders,3894.066,8,61.67,
Boqvist-Pulock,"['Boqvist Adam', 'Pulock Ryan']",pairing,383,6.4,0,0,0,0,0.0,0.0,,,,New York Islanders,2256.313,2,18.8,
Boqvist-Soucy,"['Boqvist Adam', 'Soucy Carson']",pairing,373,6.2,0,0,0,1,0.0,0.02,,0.0,0.0,New York Islanders,3215.896,4,38.61,
Pulock-Romanov,"['Pulock Ryan', 'Romanov Alexander']",pairing,304,5.1,0,0,0,0,0.0,0.0,,,,New York Islanders,2529.833,2,23.68,
Boqvist-Romanov,"['Boqvist Adam', 'Romanov Alexander']",pairing,198,3.3,0,0,0,0,0.0,0.0,,,,New York Islanders,2131.561,19,345.45,
Pelech-Romanov,"['Pelech Adam', 'Romanov Alexander']",pairing,153,2.5,0,0,0,0,0.0,0.0,,,,New York Islanders,2916.056,0,0.0,
Fox-Gavrikov,"['Fox Adam', 'Gavrikov Vladislav']",pairing,10587,176.4,32,44,349,394,20.74,23.3,42.1,47.0,47.1,New York Rangers,2547.162,285,96.91,1.303
Borgen-Robertson,"['Borgen Will', 'Robertson Matthew']",pairing,8432,140.5,29,24,224,293,13.82,18.5,54.7,43.3,42.8,New York Rangers,1719.722,108,46.11,0.125
Gavrikov-Schneider,"['Gavrikov Vladislav', 'Schneider Braden']",pairing,7842,130.7,27,22,246,243,14.67,13.98,55.1,50.3,51.2,New York Rangers,2219.914,143,65.65,0.593
Robertson-Schneider,"['Robertson Matthew', 'Schneider Braden']",pairing,4088,68.1,14,14,119,125,7.49,7.01,50.0,48.8,51.6,New York Rangers,1865.797,90,79.26,0.861
Fortescue-Schneider,"['Fortescue Drew', 'Schneider Braden']",pairing,2718,45.3,9,10,79,94,5.28,5.82,47.4,45.7,47.6,New York Rangers,2275.101,56,74.17,0.784
Borgen-Soucy,"['Borgen Will', 'Soucy Carson']",pairing,2492,41.5,3,5,66,80,4.29,4.28,37.5,45.2,50.1,New York Rangers,3274.219,42,60.67,0.572
Borgen-Vaakanainen,"['Borgen Will', 'Vaakanainen Urho']",pairing,2069,34.5,3,9,47,53,3.21,2.67,25.0,47.0,54.6,New York Rangers,1433.138,21,36.54,-0.107
Borgen-Schneider,"['Borgen Will', 'Schneider Braden']",pairing,1545,25.8,8,7,63,61,3.76,3.38,53.3,50.8,52.7,New York Rangers,2139.609,29,67.57,0.629
Schneider-Soucy,"['Schneider Braden', 'Soucy Carson']",pairing,1380,23.0,5,6,25,34,1.59,2.36,45.5,42.4,40.3,New York Rangers,3540.189,61,159.13,2.743
Fox-Robertson,"['Fox Adam', 'Robertson Matthew']",pairing,855,14.2,2,1,12,16,0.71,0.98,66.7,42.9,42.2,New York Rangers,2140.293,15,63.16,0.532
Schneider-Vaakanainen,"['Schneider Braden', 'Vaakanainen Urho']",pairing,808,13.5,1,0,8,8,0.29,0.36,100.0,50.0,44.6,New York Rangers,1550.278,23,102.48,1.342
Borgen-Gavrikov,"['Borgen Will', 'Gavrikov Vladislav']",pairing,753,12.6,3,1,18,14,1.05,0.87,75.0,56.2,54.6,New York Rangers,2046.156,11,52.59,0.294
Gavrikov-Robertson,"['Gavrikov Vladislav', 'Robertson Matthew']",pairing,657,10.9,1,1,13,8,0.68,0.33,50.0,61.9,67.7,New York Rangers,1784.378,14,76.71,0.799
Iorio-Vaakanainen,"['Iorio Vincent', 'Vaakanainen Urho']",pairing,631,10.5,0,2,20,20,1.17,0.97,0.0,50.0,54.7,New York Rangers,13815.347,2,11.41,0.365
Iorio-Robertson,"['Iorio Vincent', 'Robertson Matthew']",pairing,524,8.7,1,1,22,27,1.59,1.54,50.0,44.9,50.9,New York Rangers,16329.947,8,54.96,1.523
Borgen-Fox,"['Borgen Will', 'Fox Adam']",pairing,486,8.1,0,0,5,2,0.34,0.07,,71.4,83.4,New York Rangers,2452.429,8,59.26,
Fortescue-Fox,"['Fortescue Drew', 'Fox Adam']",pairing,358,6.0,2,1,10,10,0.6,0.63,66.7,50.0,48.8,New York Rangers,2636.952,5,50.28,0.292
Fox-Schneider,"['Fox Adam', 'Schneider Braden']",pairing,308,5.1,1,1,3,11,0.23,0.35,50.0,21.4,39.6,New York Rangers,2669.154,8,93.51,1.239
Robertson-Vaakanainen,"['Robertson Matthew', 'Vaakanainen Urho']",pairing,194,3.2,0,0,2,4,0.17,0.18,,33.3,47.5,New York Rangers,1248.915,12,222.68,
Gavrikov-Vaakanainen,"['Gavrikov Vladislav', 'Vaakanainen Urho']",pairing,171,2.9,1,0,2,1,0.19,0.05,100.0,66.7,80.7,New York Rangers,1485.638,4,84.21,
Fortescue-Robertson,"['Fortescue Drew', 'Robertson Matthew']",pairing,162,2.7,0,0,0,0,0.0,0.0,,,,New York Rangers,1829.819,0,0.0,
Robertson-Soucy,"['Robertson Matthew', 'Soucy Carson']",pairing,155,2.6,0,0,0,0,0.0,0.0,,,,New York Rangers,2853.018,1,23.23,
Gavrikov-Soucy,"['Gavrikov Vladislav', 'Soucy Carson']",pairing,151,2.5,0,0,0,0,0.0,0.0,,,,New York Rangers,3393.665,5,119.21,
Fox-Soucy,"['Fox Adam', 'Soucy Carson']",pairing,144,2.4,0,0,0,0,0.0,0.0,,,,New York Rangers,4243.062,7,175.0,
Borgen-Iorio,"['Borgen Will', 'Iorio Vincent']",pairing,117,1.9,0,0,2,5,0.13,0.23,,28.6,35.9,New York Rangers,18719.393,0,0.0,
Borgen-Fortescue,"['Borgen Will', 'Fortescue Drew']",pairing,95,1.6,0,0,2,1,0.13,0.04,,66.7,78.4,New York Rangers,2098.651,0,0.0,
Sanderson-Zub,"['Sanderson Jake', 'Zub Artem']",pairing,32321,538.7,33,28,328,310,20.5,17.06,54.1,51.4,54.6,Ottawa Senators,3592.895,261,29.07,-0.092
Kleven-Spence,"['Kleven Tyler', 'Spence Jordan']",pairing,19357,322.6,32,24,228,229,14.85,12.79,57.1,49.9,53.7,Ottawa Senators,3142.173,160,29.76,-0.114
Chabot-Jensen,"['Chabot Thomas', 'Jensen Nick']",pairing,17671,294.5,34,30,315,259,20.05,14.78,53.1,54.9,57.6,Ottawa Senators,3497.235,145,29.54,-0.09
Chabot-Spence,"['Chabot Thomas', 'Spence Jordan']",pairing,8229,137.2,12,14,115,91,7.35,5.2,46.2,55.8,58.6,Ottawa Senators,3876.802,119,52.06,0.433
Jensen-Matinpalo,"['Jensen Nick', 'Matinpalo Nikolas']",pairing,8145,135.8,12,8,87,69,5.79,4.41,60.0,55.8,56.8,Ottawa Senators,2164.688,57,25.19,-0.295
Kleven-Zub,"['Kleven Tyler', 'Zub Artem']",pairing,5744,95.7,10,10,87,76,5.67,4.9,50.0,53.4,53.7,Ottawa Senators,2464.784,44,27.58,-0.218
Kleven-Matinpalo,"['Kleven Tyler', 'Matinpalo Nikolas']",pairing,4927,82.1,5,11,61,72,3.98,4.16,31.2,45.9,48.9,Ottawa Senators,2531.535,49,35.8,-0.033
Sanderson-Spence,"['Sanderson Jake', 'Spence Jordan']",pairing,4660,77.7,2,2,29,23,2.04,1.13,50.0,55.8,64.4,Ottawa Senators,4443.322,65,50.21,0.44
Chabot-Zub,"['Chabot Thomas', 'Zub Artem']",pairing,4189,69.8,3,5,28,42,2.01,2.42,37.5,40.0,45.4,Ottawa Senators,3192.3,31,26.64,-0.178
Matinpalo-Spence,"['Matinpalo Nikolas', 'Spence Jordan']",pairing,4132,68.9,6,9,40,51,2.68,2.86,40.0,44.0,48.3,Ottawa Senators,2406.995,28,24.39,-0.292
Gilbert-Matinpalo,"['Gilbert Dennis', 'Matinpalo Nikolas']",pairing,3006,50.1,1,5,41,25,2.22,1.41,16.7,62.1,61.2,Ottawa Senators,3414.974,13,15.57,-0.402
Spence-Zub,"['Spence Jordan', 'Zub Artem']",pairing,2679,44.6,2,5,31,30,2.12,2.05,28.6,50.8,50.9,Ottawa Senators,2387.983,15,20.16,-0.386
Crotty-Thomson,"['Crotty Cameron', 'Thomson Lassi']",pairing,2540,42.3,6,6,60,41,3.76,2.28,50.0,59.4,62.3,Ottawa Senators,2090.921,10,14.17,-0.541
Matinpalo-Thomson,"['Matinpalo Nikolas', 'Thomson Lassi']",pairing,2533,42.2,3,6,52,65,3.07,4.08,33.3,44.4,42.9,Ottawa Senators,2116.292,18,25.58,-0.29
Matinpalo-Sebrango,"['Matinpalo Nikolas', 'Sebrango Donovan']",pairing,2325,38.8,4,7,44,51,2.41,3.48,36.4,46.3,40.9,Ottawa Senators,21292.57,7,10.84,0.969
Matinpalo-Sanderson,"['Matinpalo Nikolas', 'Sanderson Jake']",pairing,2087,34.8,4,5,37,38,2.01,2.57,44.4,49.3,43.9,Ottawa Senators,3597.869,8,13.8,-0.425
Jensen-Kleven,"['Jensen Nick', 'Kleven Tyler']",pairing,2081,34.7,4,0,12,12,0.79,0.57,100.0,50.0,58.3,Ottawa Senators,2821.529,21,36.33,0.003
Jensen-Sanderson,"['Jensen Nick', 'Sanderson Jake']",pairing,1480,24.7,1,1,12,4,0.84,0.22,50.0,75.0,79.0,Ottawa Senators,4001.3,13,31.62,-0.003
Spence-Yakemchuk,"['Spence Jordan', 'Yakemchuk Carter']",pairing,1462,24.4,2,3,22,28,1.42,1.75,40.0,44.0,44.7,Ottawa Senators,2434.803,6,14.77,-0.5
Matinpalo-Zub,"['Matinpalo Nikolas', 'Zub Artem']",pairing,1446,24.1,2,1,27,13,1.79,0.79,66.7,67.5,69.5,Ottawa Senators,1919.361,14,34.85,-0.104
Chabot-Matinpalo,"['Chabot Thomas', 'Matinpalo Nikolas']",pairing,1442,24.0,3,0,12,19,0.48,1.16,100.0,38.7,29.3,Ottawa Senators,3148.798,8,19.97,-0.328
Spence-Thomson,"['Spence Jordan', 'Thomson Lassi']",pairing,1065,17.8,0,0,9,10,0.44,0.73,,47.4,37.5,Ottawa Senators,2628.971,7,23.66,-0.29
Kleven-Yakemchuk,"['Kleven Tyler', 'Yakemchuk Carter']",pairing,1048,17.5,0,2,22,13,1.18,0.64,0.0,62.9,64.8,Ottawa Senators,2545.902,9,30.92,-0.138
Chabot-Sanderson,"['Chabot Thomas', 'Sanderson Jake']",pairing,1025,17.1,1,4,7,17,0.37,1.1,20.0,29.2,25.1,Ottawa Senators,5754.169,12,42.15,0.372
Crotty-Spence,"['Crotty Cameron', 'Spence Jordan']",pairing,595,9.9,0,1,1,3,0.04,0.11,0.0,25.0,26.4,Ottawa Senators,2410.506,4,24.2,
Crotty-Matinpalo,"['Crotty Cameron', 'Matinpalo Nikolas']",pairing,582,9.7,2,1,10,5,0.74,0.3,66.7,66.7,70.7,Ottawa Senators,1941.52,2,12.37,-0.593
Sanderson-Thomson,"['Sanderson Jake', 'Thomson Lassi']",pairing,560,9.3,0,2,4,6,0.24,0.43,0.0,40.0,35.6,Ottawa Senators,3947.706,1,6.43,-0.557
Gilbert-Spence,"['Gilbert Dennis', 'Spence Jordan']",pairing,545,9.1,1,1,16,10,1.07,0.85,50.0,61.5,55.9,Ottawa Senators,4216.03,5,33.03,0.046
Thomson-Zub,"['Thomson Lassi', 'Zub Artem']",pairing,508,8.5,0,0,0,0,0.0,0.0,,,,Ottawa Senators,2051.652,4,28.35,
Chabot-Yakemchuk,"['Chabot Thomas', 'Yakemchuk Carter']",pairing,427,7.1,2,1,11,6,0.55,0.31,66.7,64.7,63.9,Ottawa Senators,3206.937,1,8.43,-0.575
Jensen-Zub,"['Jensen Nick', 'Zub Artem']",pairing,303,5.0,0,0,0,0,0.0,0.0,,,,Ottawa Senators,2141.426,3,35.64,
Yakemchuk-Zub,"['Yakemchuk Carter', 'Zub Artem']",pairing,303,5.0,0,0,0,0,0.0,0.0,,,,Ottawa Senators,1923.039,1,11.88,
Crotty-Kleven,"['Crotty Cameron', 'Kleven Tyler']",pairing,274,4.6,1,0,9,10,0.54,0.58,100.0,47.4,48.1,Ottawa Senators,2507.464,1,13.14,
Gilbert-Thomson,"['Gilbert Dennis', 'Thomson Lassi']",pairing,258,4.3,0,1,1,2,0.05,0.12,0.0,33.3,29.8,Ottawa Senators,3751.412,0,0.0,
Jensen-Spence,"['Jensen Nick', 'Spence Jordan']",pairing,246,4.1,0,0,0,0,0.0,0.0,,,,Ottawa Senators,2678.413,3,43.9,
Chabot-Kleven,"['Chabot Thomas', 'Kleven Tyler']",pairing,235,3.9,0,0,0,0,0.0,0.0,,,,Ottawa Senators,4158.566,5,76.6,
Crotty-Zub,"['Crotty Cameron', 'Zub Artem']",pairing,229,3.8,1,1,4,6,0.21,0.58,50.0,40.0,26.9,Ottawa Senators,1887.649,6,94.32,
Matinpalo-Yakemchuk,"['Matinpalo Nikolas', 'Yakemchuk Carter']",pairing,200,3.3,0,0,0,0,0.0,0.0,,,,Ottawa Senators,1963.838,0,0.0,
Chabot-Thomson,"['Chabot Thomas', 'Thomson Lassi']",pairing,198,3.3,0,0,0,0,0.0,0.0,,,,Ottawa Senators,3491.788,2,36.36,
Sebrango-Zub,"['Sebrango Donovan', 'Zub Artem']",pairing,191,3.2,1,0,2,2,0.2,0.06,100.0,50.0,77.5,Ottawa Senators,20645.04,0,0.0,
Kleven-Sanderson,"['Kleven Tyler', 'Sanderson Jake']",pairing,172,2.9,0,0,0,0,0.0,0.0,,,,Ottawa Senators,4713.246,2,41.86,
Chabot-Gilbert,"['Chabot Thomas', 'Gilbert Dennis']",pairing,161,2.7,0,0,0,0,0.0,0.0,,,,Ottawa Senators,5451.767,0,0.0,
Gilbert-Zub,"['Gilbert Dennis', 'Zub Artem']",pairing,138,2.3,0,0,0,0,0.0,0.0,,,,Ottawa Senators,3415.952,1,26.09,
Chabot-Crotty,"['Chabot Thomas', 'Crotty Cameron']",pairing,112,1.9,0,0,0,0,0.0,0.0,,,,Ottawa Senators,3193.994,1,32.14,
Gilbert-Sanderson,"['Gilbert Dennis', 'Sanderson Jake']",pairing,105,1.8,0,0,0,2,0.0,0.14,,0.0,0.0,Ottawa Senators,6280.131,0,0.0,
Sanheim-York,"['Sanheim Travis', 'York Cam']",pairing,10857,180.9,27,39,238,264,15.49,15.1,40.9,47.4,50.6,Philadelphia Flyers,2322.624,179,59.35,0.464
Andrae-Drysdale,"['Andrae Emil', 'Drysdale Jamie']",pairing,6836,113.9,23,15,194,207,12.24,13.08,60.5,48.4,48.4,Philadelphia Flyers,2305.694,133,70.04,0.696
Ristolainen-Sanheim,"['Ristolainen Rasmus', 'Sanheim Travis']",pairing,5949,99.2,14,28,160,176,9.4,10.58,33.3,47.6,47.1,Philadelphia Flyers,2879.437,177,107.11,1.553
Drysdale-York,"['Drysdale Jamie', 'York Cam']",pairing,5930,98.8,22,16,164,181,10.47,10.8,57.9,47.5,49.2,Philadelphia Flyers,2082.292,159,96.53,1.256
Drysdale-Seeler,"['Drysdale Jamie', 'Seeler Nick']",pairing,5448,90.8,13,11,149,158,10.25,8.47,54.2,48.5,54.8,Philadelphia Flyers,1493.314,67,44.27,0.067
Sanheim-Seeler,"['Sanheim Travis', 'Seeler Nick']",pairing,4044,67.4,11,16,128,152,7.96,9.32,40.7,45.7,46.1,Philadelphia Flyers,1683.023,33,29.38,-0.243
Andrae-Juulsen,"['Andrae Emil', 'Juulsen Noah']",pairing,3018,50.3,5,5,67,64,3.92,3.68,50.0,51.1,51.5,Philadelphia Flyers,2460.573,37,44.14,0.144
Andrae-Seeler,"['Andrae Emil', 'Seeler Nick']",pairing,2812,46.9,13,5,69,61,4.75,3.16,72.2,53.1,60.1,Philadelphia Flyers,1669.261,50,64.01,0.512
Ristolainen-Seeler,"['Ristolainen Rasmus', 'Seeler Nick']",pairing,2811,46.9,7,8,80,62,4.71,3.13,46.7,56.3,60.1,Philadelphia Flyers,1895.747,23,29.46,-0.224
Juulsen-Seeler,"['Juulsen Noah', 'Seeler Nick']",pairing,2655,44.2,6,7,49,56,2.84,3.37,46.2,46.7,45.7,Philadelphia Flyers,1536.156,37,50.17,0.199
Drysdale-Sanheim,"['Drysdale Jamie', 'Sanheim Travis']",pairing,2195,36.6,2,1,29,31,1.88,2.29,66.7,48.3,45.1,Philadelphia Flyers,2272.48,27,44.28,0.131
Drysdale-Zamula,"['Drysdale Jamie', 'Zamula Egor']",pairing,1587,26.4,5,3,38,50,2.44,2.48,62.5,43.2,49.5,Philadelphia Flyers,5282.236,1,2.27,-0.538
Juulsen-Zamula,"['Juulsen Noah', 'Zamula Egor']",pairing,1483,24.7,7,3,63,48,3.98,2.34,70.0,56.8,63.0,Philadelphia Flyers,5572.068,19,46.12,0.443
Seeler-Zamula,"['Seeler Nick', 'Zamula Egor']",pairing,1413,23.6,3,1,29,27,1.71,1.52,75.0,51.8,53.0,Philadelphia Flyers,3711.522,10,25.48,-0.161
Ristolainen-York,"['Ristolainen Rasmus', 'York Cam']",pairing,1287,21.4,3,3,33,29,2.24,1.56,50.0,53.2,59.0,Philadelphia Flyers,2639.432,12,33.57,-0.073
Jiricek-Seeler,"['Jiricek David', 'Seeler Nick']",pairing,1034,17.2,3,2,39,29,2.53,1.74,60.0,57.4,59.3,Philadelphia Flyers,1242.36,3,10.44,-0.693
Seeler-York,"['Seeler Nick', 'York Cam']",pairing,698,11.6,1,2,12,17,0.88,1.08,33.3,41.4,44.8,Philadelphia Flyers,1508.111,7,36.1,-0.111
Bonk-McDonald,"['Bonk Oliver', 'McDonald Hunter']",pairing,596,9.9,0,0,3,0,0.23,0.0,,100.0,100.0,Philadelphia Flyers,288.996,5,30.2,
Andrae-Sanheim,"['Andrae Emil', 'Sanheim Travis']",pairing,485,8.1,1,2,13,12,0.64,0.81,33.3,52.0,44.1,Philadelphia Flyers,2571.923,17,126.19,1.944
Andrae-Ristolainen,"['Andrae Emil', 'Ristolainen Rasmus']",pairing,443,7.4,1,2,6,9,0.32,0.67,33.3,40.0,32.7,Philadelphia Flyers,2922.627,9,73.14,0.815
Andrae-York,"['Andrae Emil', 'York Cam']",pairing,409,6.8,1,0,2,2,0.03,0.06,100.0,50.0,33.5,Philadelphia Flyers,2350.977,8,70.42,
Drysdale-Ristolainen,"['Drysdale Jamie', 'Ristolainen Rasmus']",pairing,348,5.8,0,2,5,7,0.27,0.58,0.0,41.7,31.8,Philadelphia Flyers,2585.135,3,31.03,-0.132
Sanheim-Zamula,"['Sanheim Travis', 'Zamula Egor']",pairing,280,4.7,1,1,10,8,0.73,0.69,50.0,55.6,51.5,Philadelphia Flyers,5911.7,0,0.0,
Drysdale-Juulsen,"['Drysdale Jamie', 'Juulsen Noah']",pairing,276,4.6,1,0,3,4,0.17,0.28,100.0,42.9,37.2,Philadelphia Flyers,2186.377,5,65.22,
Juulsen-York,"['Juulsen Noah', 'York Cam']",pairing,211,3.5,0,0,0,0,0.0,0.0,,,,Philadelphia Flyers,2222.503,6,102.37,
York-Zamula,"['York Cam', 'Zamula Egor']",pairing,210,3.5,0,1,0,3,0.0,0.1,0.0,0.0,0.0,Philadelphia Flyers,5369.545,1,17.14,
McDonald-Sanheim,"['McDonald Hunter', 'Sanheim Travis']",pairing,148,2.5,0,0,2,0,0.1,0.0,,100.0,100.0,Philadelphia Flyers,687.301,0,0.0,
Juulsen-Sanheim,"['Juulsen Noah', 'Sanheim Travis']",pairing,143,2.4,0,0,0,0,0.0,0.0,,,,Philadelphia Flyers,2446.935,3,75.52,
Juulsen-Ristolainen,"['Juulsen Noah', 'Ristolainen Rasmus']",pairing,110,1.8,0,0,0,0,0.0,0.0,,,,Philadelphia Flyers,2772.73,2,65.45,
Karlsson-Wotherspoon,"['Karlsson Erik', 'Wotherspoon Parker']",pairing,68523,1142.0,88,77,754,751,49.0,45.55,53.3,50.1,51.8,Pittsburgh Penguins,4291.763,633,33.26,0.057
Letang-Shea,"['Letang Kris', 'Shea Ryan']",pairing,31290,521.5,34,26,292,309,19.24,18.35,56.7,48.6,51.2,Pittsburgh Penguins,3223.194,235,27.04,-0.167
Girard-Letang,"['Girard Samuel', 'Letang Kris']",pairing,21485,358.1,25,29,232,237,15.38,15.05,46.3,49.5,50.5,Pittsburgh Penguins,6195.091,185,31.0,0.165
Clifton-Shea,"['Clifton Connor', 'Shea Ryan']",pairing,20571,342.9,41,43,317,294,17.98,18.1,48.8,51.9,49.8,Pittsburgh Penguins,2371.225,131,22.93,-0.327
Kulak-Letang,"['Kulak Brett', 'Letang Kris']",pairing,16964,282.7,22,13,166,163,11.07,9.59,62.9,50.5,53.6,Pittsburgh Penguins,8580.016,120,25.47,0.24
Shea-St.,"['Shea Ryan', 'St. Ivany Jack']",pairing,9103,151.7,6,7,73,69,4.38,4.34,46.2,51.4,50.2,Pittsburgh Penguins,2563.549,64,25.31,-0.259
Clifton-Graves,"['Clifton Connor', 'Graves Ryan']",pairing,8804,146.7,10,8,123,90,7.94,5.96,55.6,57.7,57.1,Pittsburgh Penguins,2091.793,71,29.03,-0.217
Clifton-Solovyov,"['Clifton Connor', 'Solovyov Ilya']",pairing,5702,95.0,9,8,73,57,4.56,3.28,52.9,56.2,58.2,Pittsburgh Penguins,24340.975,32,20.2,1.425
Shea-Wotherspoon,"['Shea Ryan', 'Wotherspoon Parker']",pairing,4888,81.5,15,12,108,95,6.75,5.34,55.6,53.2,55.8,Pittsburgh Penguins,2990.228,43,31.67,-0.085
Letang-Wotherspoon,"['Letang Kris', 'Wotherspoon Parker']",pairing,4446,74.1,2,4,10,12,0.89,0.95,33.3,45.5,48.2,Pittsburgh Penguins,3540.569,48,38.87,0.117
Karlsson-Shea,"['Karlsson Erik', 'Shea Ryan']",pairing,3967,66.1,2,6,10,19,0.7,1.26,25.0,34.5,35.6,Pittsburgh Penguins,3895.069,29,26.32,-0.127
Kulak-Shea,"['Kulak Brett', 'Shea Ryan']",pairing,3862,64.4,2,4,29,36,1.95,1.94,33.3,44.6,50.2,Pittsburgh Penguins,7334.78,35,32.63,0.294
Karlsson-Letang,"['Karlsson Erik', 'Letang Kris']",pairing,3559,59.3,1,1,20,17,1.09,0.91,50.0,54.1,54.6,Pittsburgh Penguins,4317.531,84,84.97,1.188
St.-Wotherspoon,"['St. Ivany Jack', 'Wotherspoon Parker']",pairing,2952,49.2,4,2,21,32,1.32,2.34,66.7,39.6,36.0,Pittsburgh Penguins,2797.374,22,26.83,-0.207
Kulak-St.,"['Kulak Brett', 'St. Ivany Jack']",pairing,2438,40.6,7,6,58,67,2.92,3.87,53.8,46.4,43.0,Pittsburgh Penguins,6841.22,12,17.72,-0.072
Clifton-Wotherspoon,"['Clifton Connor', 'Wotherspoon Parker']",pairing,2366,39.4,0,2,5,4,0.36,0.24,0.0,55.6,59.6,Pittsburgh Penguins,2580.062,13,19.78,-0.379
Shea-Solovyov,"['Shea Ryan', 'Solovyov Ilya']",pairing,2206,36.8,2,1,18,16,1.11,1.31,66.7,52.9,45.7,Pittsburgh Penguins,28199.032,17,27.74,1.908
Girard-Karlsson,"['Girard Samuel', 'Karlsson Erik']",pairing,1822,30.4,0,1,10,2,0.81,0.1,0.0,83.3,89.5,Pittsburgh Penguins,7392.052,10,19.76,0.018
Graves-Solovyov,"['Graves Ryan', 'Solovyov Ilya']",pairing,1660,27.7,0,5,12,23,0.57,1.49,0.0,34.3,27.7,Pittsburgh Penguins,24873.204,14,30.36,1.691
Kulak-Wotherspoon,"['Kulak Brett', 'Wotherspoon Parker']",pairing,1560,26.0,0,1,4,8,0.31,0.54,0.0,33.3,36.7,Pittsburgh Penguins,7992.12,9,20.77,0.089
Karlsson-Kulak,"['Karlsson Erik', 'Kulak Brett']",pairing,1275,21.2,0,0,6,7,0.23,0.34,,46.2,40.8,Pittsburgh Penguins,10356.38,5,14.12,0.139
Clifton-Girard,"['Clifton Connor', 'Girard Samuel']",pairing,1260,21.0,1,0,14,9,0.57,0.41,100.0,60.9,58.0,Pittsburgh Penguins,4734.358,6,17.14,-0.259
Clifton-Kulak,"['Clifton Connor', 'Kulak Brett']",pairing,1141,19.0,6,8,42,41,2.83,2.53,42.9,50.6,52.8,Pittsburgh Penguins,6334.843,6,18.93,-0.087
Girard-St.,"['Girard Samuel', 'St. Ivany Jack']",pairing,1124,18.7,4,0,21,10,1.31,0.61,100.0,67.7,68.1,Pittsburgh Penguins,5060.611,15,48.04,0.443
Solovyov-St.,"['Solovyov Ilya', 'St. Ivany Jack']",pairing,1114,18.6,3,2,25,11,1.97,0.52,60.0,69.4,79.3,Pittsburgh Penguins,26347.185,11,35.55,1.926
Livanavage-St.,"['Livanavage Jake', 'St. Ivany Jack']",pairing,1049,17.5,1,0,9,12,0.59,0.8,100.0,42.9,42.6,Pittsburgh Penguins,1998.038,6,20.59,-0.409
Graves-St.,"['Graves Ryan', 'St. Ivany Jack']",pairing,983,16.4,0,0,10,13,0.76,0.62,,43.5,55.1,Pittsburgh Penguins,2269.318,2,7.32,-0.676
Girard-Wotherspoon,"['Girard Samuel', 'Wotherspoon Parker']",pairing,928,15.5,1,1,19,14,1.18,0.82,50.0,57.6,59.1,Pittsburgh Penguins,5998.094,10,38.79,0.318
Graves-Shea,"['Graves Ryan', 'Shea Ryan']",pairing,912,15.2,2,0,9,8,0.61,0.36,100.0,52.9,63.3,Pittsburgh Penguins,2424.688,5,19.74,-0.392
Girard-Solovyov,"['Girard Samuel', 'Solovyov Ilya']",pairing,806,13.4,1,1,11,8,0.75,0.39,50.0,57.9,65.5,Pittsburgh Penguins,56322.238,16,71.46,5.182
Letang-Solovyov,"['Letang Kris', 'Solovyov Ilya']",pairing,551,9.2,0,0,0,0,0.0,0.0,,,,Pittsburgh Penguins,33219.641,3,19.6,
Clifton-Karlsson,"['Clifton Connor', 'Karlsson Erik']",pairing,527,8.8,0,0,0,0,0.0,0.0,,,,Pittsburgh Penguins,3378.124,5,34.16,
Girard-Shea,"['Girard Samuel', 'Shea Ryan']",pairing,487,8.1,0,0,0,0,0.0,0.0,,,,Pittsburgh Penguins,5467.948,5,36.96,
Clifton-Letang,"['Clifton Connor', 'Letang Kris']",pairing,482,8.0,0,0,10,7,0.37,0.31,,58.8,54.4,Pittsburgh Penguins,2792.203,2,14.94,-0.467
Karlsson-Solovyov,"['Karlsson Erik', 'Solovyov Ilya']",pairing,415,6.9,0,1,3,3,0.21,0.17,0.0,50.0,54.6,Pittsburgh Penguins,40196.556,3,26.02,
Graves-Letang,"['Graves Ryan', 'Letang Kris']",pairing,293,4.9,0,0,0,0,0.0,0.0,,,,Pittsburgh Penguins,2876.096,3,36.86,
Clifton-St.,"['Clifton Connor', 'St. Ivany Jack']",pairing,227,3.8,0,1,13,8,0.62,0.39,0.0,61.9,61.7,Pittsburgh Penguins,2215.27,1,15.86,
Graves-Wotherspoon,"['Graves Ryan', 'Wotherspoon Parker']",pairing,224,3.7,0,0,0,0,0.0,0.0,,,,Pittsburgh Penguins,2634.059,3,48.21,
Solovyov-Wotherspoon,"['Solovyov Ilya', 'Wotherspoon Parker']",pairing,165,2.8,0,0,0,0,0.0,0.0,,,,Pittsburgh Penguins,30679.713,0,0.0,
Graves-Karlsson,"['Graves Ryan', 'Karlsson Erik']",pairing,156,2.6,0,0,0,0,0.0,0.0,,,,Pittsburgh Penguins,3488.477,0,0.0,
Kulak-Solovyov,"['Kulak Brett', 'Solovyov Ilya']",pairing,151,2.5,0,0,0,0,0.0,0.0,,,,Pittsburgh Penguins,75337.71,1,23.84,
Klingberg-Orlov,"['Klingberg John', 'Orlov Dmitry']",pairing,31080,518.0,33,42,321,348,19.9,21.86,44.0,48.0,47.6,San Jose Sharks,4122.544,212,24.56,-0.147
Ferraro-Mukhamadullin,"['Ferraro Mario', 'Mukhamadullin Shakir']",pairing,29312,488.5,32,22,236,227,14.67,13.07,59.3,51.0,52.9,San Jose Sharks,2777.574,166,20.39,-0.349
Desharnais-Dickinson,"['Desharnais Vincent', 'Dickinson Sam']",pairing,22904,381.7,22,22,175,194,10.74,11.89,50.0,47.4,47.5,San Jose Sharks,2951.537,153,24.05,-0.255
Liljegren-Orlov,"['Liljegren Timothy', 'Orlov Dmitry']",pairing,21032,350.5,22,27,192,215,11.84,12.7,44.9,47.2,48.2,San Jose Sharks,3782.622,137,23.45,-0.199
Dickinson-Leddy,"['Dickinson Sam', 'Leddy Nick']",pairing,17050,284.2,15,34,219,269,13.86,17.18,30.6,44.9,44.7,San Jose Sharks,2785.24,115,24.28,-0.263
Ferraro-Liljegren,"['Ferraro Mario', 'Liljegren Timothy']",pairing,14503,241.7,14,18,148,192,7.84,11.24,43.8,43.5,41.1,San Jose Sharks,2843.811,103,25.57,-0.23
Ferraro-Klingberg,"['Ferraro Mario', 'Klingberg John']",pairing,14226,237.1,17,18,139,167,9.2,9.32,48.6,45.4,49.7,San Jose Sharks,3146.795,112,28.34,-0.145
Desharnais-Orlov,"['Desharnais Vincent', 'Orlov Dmitry']",pairing,10797,179.9,7,19,100,140,6.39,7.61,26.9,41.7,45.6,San Jose Sharks,3139.224,73,24.34,-0.233
Mukhamadullin-Orlov,"['Mukhamadullin Shakir', 'Orlov Dmitry']",pairing,7160,119.3,7,8,53,61,3.46,4.01,46.7,46.5,46.3,San Jose Sharks,3842.375,45,22.63,-0.212
Dickinson-Iorio,"['Dickinson Sam', 'Iorio Vincent']",pairing,6940,115.7,16,14,106,129,7.18,7.96,53.3,45.1,47.4,San Jose Sharks,25389.116,39,20.23,1.512
Desharnais-Ferraro,"['Desharnais Vincent', 'Ferraro Mario']",pairing,6485,108.1,11,14,76,78,5.42,4.95,44.0,49.4,52.3,San Jose Sharks,2240.277,47,26.09,-0.269
Ferraro-Iorio,"['Ferraro Mario', 'Iorio Vincent']",pairing,5943,99.0,7,8,47,52,3.0,2.87,46.7,47.5,51.1,San Jose Sharks,20033.04,55,33.32,1.356
Ferraro-Orlov,"['Ferraro Mario', 'Orlov Dmitry']",pairing,5746,95.8,8,4,41,48,2.99,2.91,66.7,46.1,50.7,San Jose Sharks,3012.153,39,24.43,-0.241
Dickinson-Ferraro,"['Dickinson Sam', 'Ferraro Mario']",pairing,5573,92.9,4,5,25,38,1.57,2.19,44.4,39.7,41.8,San Jose Sharks,2810.682,42,27.13,-0.199
Dickinson-Liljegren,"['Dickinson Sam', 'Liljegren Timothy']",pairing,4527,75.5,8,5,43,43,2.58,2.4,61.5,50.0,51.8,San Jose Sharks,3626.958,34,27.04,-0.134
Dickinson-Klingberg,"['Dickinson Sam', 'Klingberg John']",pairing,4508,75.1,7,5,45,54,2.74,3.01,58.3,45.5,47.6,San Jose Sharks,3976.047,44,35.14,0.072
Dickinson-Orlov,"['Dickinson Sam', 'Orlov Dmitry']",pairing,4007,66.8,3,5,22,27,1.34,1.41,37.5,44.9,48.6,San Jose Sharks,3801.967,22,19.77,-0.278
Desharnais-Mukhamadullin,"['Desharnais Vincent', 'Mukhamadullin Shakir']",pairing,3604,60.1,2,1,19,23,1.27,1.2,66.7,45.2,51.5,San Jose Sharks,2931.836,19,18.98,-0.367
Leddy-Orlov,"['Leddy Nick', 'Orlov Dmitry']",pairing,3135,52.2,3,2,37,52,1.97,3.5,60.0,41.6,35.9,San Jose Sharks,2901.167,27,31.0,-0.107
Ferraro-Leddy,"['Ferraro Mario', 'Leddy Nick']",pairing,3112,51.9,1,2,23,30,1.47,1.91,33.3,43.4,43.6,San Jose Sharks,2188.217,24,27.76,-0.237
Klingberg-Leddy,"['Klingberg John', 'Leddy Nick']",pairing,2852,47.5,5,6,48,46,2.8,2.46,45.5,51.1,53.3,San Jose Sharks,3035.179,17,21.46,-0.304
Dickinson-Mukhamadullin,"['Dickinson Sam', 'Mukhamadullin Shakir']",pairing,2526,42.1,0,1,2,9,0.03,0.34,0.0,18.2,8.9,San Jose Sharks,3629.98,18,25.65,-0.164
Liljegren-Mukhamadullin,"['Liljegren Timothy', 'Mukhamadullin Shakir']",pairing,1855,30.9,2,3,15,20,1.37,1.12,40.0,42.9,55.1,San Jose Sharks,3650.052,18,34.93,0.04
Desharnais-Leddy,"['Desharnais Vincent', 'Leddy Nick']",pairing,1835,30.6,1,6,18,28,1.36,2.0,14.3,39.1,40.5,San Jose Sharks,2287.479,9,17.66,-0.449
Leddy-Liljegren,"['Leddy Nick', 'Liljegren Timothy']",pairing,1823,30.4,4,1,18,28,1.22,1.49,80.0,39.1,45.0,San Jose Sharks,2778.289,17,33.57,-0.061
Iorio-Leddy,"['Iorio Vincent', 'Leddy Nick']",pairing,1728,28.8,1,0,7,11,0.43,0.75,100.0,38.9,36.6,San Jose Sharks,19403.057,13,27.08,1.168
Leddy-Mukhamadullin,"['Leddy Nick', 'Mukhamadullin Shakir']",pairing,1709,28.5,1,3,9,25,0.65,1.69,25.0,26.5,27.6,San Jose Sharks,2805.253,8,16.85,-0.424
Iorio-Orlov,"['Iorio Vincent', 'Orlov Dmitry']",pairing,1462,24.4,2,0,7,11,0.47,0.56,100.0,38.9,45.9,San Jose Sharks,26374.797,11,27.09,1.743
Iorio-Mukhamadullin,"['Iorio Vincent', 'Mukhamadullin Shakir']",pairing,1431,23.9,3,3,16,25,1.35,1.71,50.0,39.0,44.0,San Jose Sharks,25616.385,13,32.7,1.803
Klingberg-Mukhamadullin,"['Klingberg John', 'Mukhamadullin Shakir']",pairing,1335,22.2,3,0,8,3,0.7,0.13,100.0,72.7,84.2,San Jose Sharks,4016.6,13,35.06,0.074
Desharnais-Klingberg,"['Desharnais Vincent', 'Klingberg John']",pairing,635,10.6,0,0,0,0,0.0,0.0,,,,San Jose Sharks,3280.781,4,22.68,
Klingberg-Liljegren,"['Klingberg John', 'Liljegren Timothy']",pairing,601,10.0,0,0,0,0,0.0,0.0,,,,San Jose Sharks,3957.1,6,35.94,
Desharnais-Liljegren,"['Desharnais Vincent', 'Liljegren Timothy']",pairing,499,8.3,0,0,0,0,0.0,0.0,,,,San Jose Sharks,2974.979,1,7.21,
Iorio-Liljegren,"['Iorio Vincent', 'Liljegren Timothy']",pairing,467,7.8,2,0,13,12,0.97,0.67,100.0,52.0,59.1,San Jose Sharks,25291.991,4,30.84,1.736
Desharnais-Iorio,"['Desharnais Vincent', 'Iorio Vincent']",pairing,312,5.2,0,0,0,0,0.0,0.0,,,,San Jose Sharks,20909.008,1,11.54,
Iorio-Klingberg,"['Iorio Vincent', 'Klingberg John']",pairing,252,4.2,0,0,0,0,0.0,0.0,,,,San Jose Sharks,27596.894,1,14.29,
Dunn-Larsson,"['Dunn Vince', 'Larsson Adam']",pairing,47564,792.7,58,77,610,707,35.3,41.86,43.0,46.3,45.7,Seattle Kraken,2657.735,342,25.89,-0.239
Lindgren-Montour,"['Lindgren Ryan', 'Montour Brandon']",pairing,28238,470.6,28,26,267,281,15.12,15.76,51.9,48.7,49.0,Seattle Kraken,2969.676,227,28.94,-0.146
Evans-Oleksiak,"['Evans Ryker', 'Oleksiak Jamie']",pairing,22000,366.7,22,24,242,284,14.36,15.88,47.8,46.0,47.5,Seattle Kraken,2772.858,152,24.87,-0.252
Fleury-Lindgren,"['Fleury Cale', 'Lindgren Ryan']",pairing,7727,128.8,3,7,59,47,3.4,2.55,30.0,55.7,57.1,Seattle Kraken,1810.253,55,25.62,-0.315
Montour-Oleksiak,"['Montour Brandon', 'Oleksiak Jamie']",pairing,7168,119.5,3,7,43,62,2.54,3.15,30.0,41.0,44.6,Seattle Kraken,3324.215,53,26.62,-0.168
Lindgren-Oleksiak,"['Lindgren Ryan', 'Oleksiak Jamie']",pairing,6024,100.4,4,3,47,57,2.72,3.4,57.1,45.2,44.5,Seattle Kraken,2152.334,25,14.94,-0.52
Evans-Montour,"['Evans Ryker', 'Montour Brandon']",pairing,5858,97.6,5,4,41,61,2.61,3.51,55.6,40.2,42.7,Seattle Kraken,3655.933,59,36.26,0.07
Evans-Larsson,"['Evans Ryker', 'Larsson Adam']",pairing,4115,68.6,2,2,32,33,2.0,1.77,50.0,49.2,53.1,Seattle Kraken,2420.374,21,18.37,-0.423
Evans-Lindgren,"['Evans Ryker', 'Lindgren Ryan']",pairing,3737,62.3,4,4,20,41,1.39,2.47,50.0,32.8,36.0,Seattle Kraken,2434.25,24,23.12,-0.318
Dunn-Montour,"['Dunn Vince', 'Montour Brandon']",pairing,3444,57.4,2,4,18,19,1.09,1.08,33.3,48.6,50.3,Seattle Kraken,3980.538,51,53.31,0.469
Larsson-Lindgren,"['Larsson Adam', 'Lindgren Ryan']",pairing,3360,56.0,6,7,23,24,1.25,1.06,46.2,48.9,54.0,Seattle Kraken,1875.332,33,35.36,-0.096
Evans-Fleury,"['Evans Ryker', 'Fleury Cale']",pairing,2282,38.0,2,2,21,23,1.15,1.41,50.0,47.7,44.8,Seattle Kraken,2341.797,5,7.89,-0.658
Larsson-Oleksiak,"['Larsson Adam', 'Oleksiak Jamie']",pairing,2150,35.8,1,2,11,10,0.71,0.65,33.3,52.4,52.3,Seattle Kraken,2158.484,8,13.4,-0.553
Larsson-Montour,"['Larsson Adam', 'Montour Brandon']",pairing,1575,26.2,0,1,6,3,0.37,0.16,0.0,66.7,69.7,Seattle Kraken,2905.69,13,29.71,-0.135
Dunn-Evans,"['Dunn Vince', 'Evans Ryker']",pairing,1260,21.0,2,0,4,1,0.22,0.09,100.0,80.0,70.9,Seattle Kraken,3379.508,14,40.0,
Dunn-Fleury,"['Dunn Vince', 'Fleury Cale']",pairing,1237,20.6,0,0,8,5,0.47,0.31,,61.5,60.6,Seattle Kraken,2572.491,9,26.19,-0.239
Dunn-Oleksiak,"['Dunn Vince', 'Oleksiak Jamie']",pairing,1094,18.2,1,1,2,5,0.07,0.36,50.0,28.6,15.7,Seattle Kraken,3043.822,3,9.87,
Dunn-Lindgren,"['Dunn Vince', 'Lindgren Ryan']",pairing,922,15.4,1,0,4,7,0.34,0.26,100.0,36.4,57.1,Seattle Kraken,2682.812,4,15.62,-0.461
Fleury-Oleksiak,"['Fleury Cale', 'Oleksiak Jamie']",pairing,780,13.0,1,0,1,5,0.04,0.25,100.0,16.7,13.3,Seattle Kraken,2086.453,3,13.85,
Fleury-Larsson,"['Fleury Cale', 'Larsson Adam']",pairing,521,8.7,0,0,4,0,0.29,0.0,,100.0,100.0,Seattle Kraken,1819.538,3,20.73,
Fleury-Montour,"['Fleury Cale', 'Montour Brandon']",pairing,153,2.5,0,0,0,0,0.0,0.0,,,,Seattle Kraken,2816.356,0,0.0,
Broberg-Parayko,"['Broberg Philip', 'Parayko Colton']",pairing,27513,458.6,30,26,259,248,16.24,14.07,53.6,51.1,53.6,St. Louis Blues,3815.94,154,20.15,-0.269
Fowler-Mailloux,"['Fowler Cam', 'Mailloux Logan']",pairing,18265,304.4,19,19,186,213,11.28,11.71,50.0,46.6,49.1,St. Louis Blues,2574.436,156,30.75,-0.139
Broberg-Mailloux,"['Broberg Philip', 'Mailloux Logan']",pairing,17881,298.0,22,26,187,161,11.16,9.77,45.8,53.7,53.3,St. Louis Blues,3000.215,109,21.95,-0.297
Faulk-Tucker,"['Faulk Justin', 'Tucker Tyler']",pairing,16620,277.0,11,18,131,153,7.67,8.44,37.9,46.1,47.6,St. Louis Blues,4040.814,117,25.34,-0.137
Fowler-Parayko,"['Fowler Cam', 'Parayko Colton']",pairing,13886,231.4,11,14,116,151,7.78,8.38,44.0,43.4,48.1,St. Louis Blues,3312.101,102,26.44,-0.173
Faulk-Fowler,"['Faulk Justin', 'Fowler Cam']",pairing,10750,179.2,11,15,116,138,6.85,8.22,42.3,45.7,45.4,St. Louis Blues,4822.299,114,38.18,0.208
Broberg-Faulk,"['Broberg Philip', 'Faulk Justin']",pairing,10640,177.3,13,19,84,141,4.82,8.61,40.6,37.3,35.9,St. Louis Blues,5569.942,47,15.9,-0.217
Fowler-Tucker,"['Fowler Cam', 'Tucker Tyler']",pairing,6745,112.4,1,6,32,51,1.68,3.27,14.3,38.6,34.0,St. Louis Blues,2724.34,62,33.09,-0.076
Mailloux-Tucker,"['Mailloux Logan', 'Tucker Tyler']",pairing,4776,79.6,5,6,31,33,1.67,1.78,45.5,48.4,48.4,St. Louis Blues,2159.729,11,8.29,-0.664
Fowler-Holl,"['Fowler Cam', 'Holl Justin']",pairing,2689,44.8,1,3,15,24,1.03,1.57,25.0,38.5,39.6,St. Louis Blues,5141.472,19,25.44,-0.044
Parayko-Tucker,"['Parayko Colton', 'Tucker Tyler']",pairing,2463,41.0,3,1,26,20,1.81,0.9,75.0,56.5,66.7,St. Louis Blues,2774.447,17,24.85,-0.252
Broberg-Fowler,"['Broberg Philip', 'Fowler Cam']",pairing,2029,33.8,0,0,2,2,0.16,0.08,,50.0,66.5,St. Louis Blues,3746.958,15,26.61,
Faulk-Parayko,"['Faulk Justin', 'Parayko Colton']",pairing,1503,25.1,1,0,10,14,0.79,0.76,100.0,41.7,50.8,St. Louis Blues,4910.955,17,40.72,0.271
Broberg-Tucker,"['Broberg Philip', 'Tucker Tyler']",pairing,1395,23.2,0,1,4,2,0.17,0.25,0.0,66.7,39.7,St. Louis Blues,3134.799,6,15.48,
Mailloux-Parayko,"['Mailloux Logan', 'Parayko Colton']",pairing,1177,19.6,1,0,4,1,0.26,0.05,100.0,80.0,84.1,St. Louis Blues,2621.717,6,18.35,
Faulk-Mailloux,"['Faulk Justin', 'Mailloux Logan']",pairing,655,10.9,0,0,0,3,0.0,0.29,,0.0,0.0,St. Louis Blues,3805.577,8,43.97,
Holl-Tucker,"['Holl Justin', 'Tucker Tyler']",pairing,503,8.4,0,0,0,0,0.0,0.0,,,,St. Louis Blues,4301.263,10,71.57,
Broberg-Holl,"['Broberg Philip', 'Holl Justin']",pairing,331,5.5,0,0,0,0,0.0,0.0,,,,St. Louis Blues,5863.913,3,32.63,
Holl-Parayko,"['Holl Justin', 'Parayko Colton']",pairing,136,2.3,0,0,0,0,0.0,0.0,,,,St. Louis Blues,5236.133,0,0.0,
Holl-Mailloux,"['Holl Justin', 'Mailloux Logan']",pairing,102,1.7,0,0,0,0,0.0,0.0,,,,St. Louis Blues,4118.757,0,0.0,
Cernak-McDonagh,"['Cernak Erik', 'McDonagh Ryan']",pairing,34158,569.3,44,33,278,281,17.76,17.51,57.1,49.7,50.3,Tampa Bay Lightning,2649.608,293,30.88,-0.13
Lilleberg-Raddysh,"['Lilleberg Emil', 'Raddysh Darren']",pairing,4216,70.3,2,3,33,26,1.56,1.48,40.0,55.9,51.4,Tampa Bay Lightning,2863.599,26,22.2,-0.302
Cernak-Hedman,"['Cernak Erik', 'Hedman Victor']",pairing,3984,66.4,3,1,22,29,1.21,1.77,75.0,43.1,40.6,Tampa Bay Lightning,3100.775,26,23.49,-0.255
McDonagh-Raddysh,"['McDonagh Ryan', 'Raddysh Darren']",pairing,3742,62.4,6,4,53,51,3.2,2.97,60.0,51.0,51.8,Tampa Bay Lightning,3545.091,23,22.13,-0.248
Hedman-Raddysh,"['Hedman Victor', 'Raddysh Darren']",pairing,2884,48.1,2,4,22,19,1.33,1.16,33.3,53.7,53.4,Tampa Bay Lightning,4033.295,20,24.97,-0.145
Carlile-Hedman,"['Carlile Declan', 'Hedman Victor']",pairing,2494,41.6,1,1,14,10,0.8,0.64,50.0,58.3,55.2,Tampa Bay Lightning,2955.926,24,34.64,-0.023
Carlile-Raddysh,"['Carlile Declan', 'Raddysh Darren']",pairing,2248,37.5,2,3,12,19,0.81,1.06,40.0,38.7,43.3,Tampa Bay Lightning,3094.114,22,35.23,0.001
Lilleberg-McDonagh,"['Lilleberg Emil', 'McDonagh Ryan']",pairing,2034,33.9,0,1,5,6,0.31,0.3,0.0,45.5,50.3,Tampa Bay Lightning,2344.722,15,26.55,-0.25
Carlile-Lilleberg,"['Carlile Declan', 'Lilleberg Emil']",pairing,2012,33.5,4,0,11,4,0.93,0.25,100.0,73.3,78.8,Tampa Bay Lightning,2071.334,5,8.95,-0.657
Cernak-Lilleberg,"['Cernak Erik', 'Lilleberg Emil']",pairing,1217,20.3,0,0,1,1,0.11,0.04,,50.0,74.2,Tampa Bay Lightning,2163.532,17,50.29,
Hedman-Lilleberg,"['Hedman Victor', 'Lilleberg Emil']",pairing,998,16.6,2,2,20,11,1.14,0.69,50.0,64.5,62.3,Tampa Bay Lightning,2730.529,6,21.64,-0.326
Carlile-Cernak,"['Carlile Declan', 'Cernak Erik']",pairing,961,16.0,0,0,0,1,0.0,0.04,,0.0,0.0,Tampa Bay Lightning,2346.682,8,29.97,
Carlile-McDonagh,"['Carlile Declan', 'McDonagh Ryan']",pairing,474,7.9,0,0,0,0,0.0,0.0,,,,Tampa Bay Lightning,2543.54,3,22.78,
Hedman-McDonagh,"['Hedman Victor', 'McDonagh Ryan']",pairing,274,4.6,0,0,0,0,0.0,0.0,,,,Tampa Bay Lightning,3362.424,6,78.83,
Cernak-Raddysh,"['Cernak Erik', 'Raddysh Darren']",pairing,212,3.5,0,0,0,0,0.0,0.0,,,,Tampa Bay Lightning,3266.415,2,33.96,
Carlo-Rielly,"['Carlo Brandon', 'Rielly Morgan']",pairing,15470,257.8,22,16,188,208,10.8,11.67,57.9,47.5,48.1,Toronto Maple Leafs,2332.076,79,18.38,-0.43
Carlo-McCabe,"['Carlo Brandon', 'McCabe Jake']",pairing,10083,168.1,24,25,168,218,10.35,13.05,49.0,43.5,44.2,Toronto Maple Leafs,2228.621,93,33.2,-0.115
Benoit-Stecher,"['Benoit Simon', 'Stecher Troy']",pairing,9194,153.2,24,30,135,182,8.82,10.99,44.4,42.6,44.5,Toronto Maple Leafs,10614.709,89,34.85,0.613
Benoit-McCabe,"['Benoit Simon', 'McCabe Jake']",pairing,7351,122.5,12,13,124,143,7.52,8.62,48.0,46.4,46.6,Toronto Maple Leafs,2407.459,73,35.75,-0.044
McCabe-Stecher,"['McCabe Jake', 'Stecher Troy']",pairing,7298,121.6,18,16,123,169,7.54,10.69,52.9,42.1,41.4,Toronto Maple Leafs,12616.258,139,68.57,1.514
Benoit-Myers,"['Benoit Simon', 'Myers Philippe']",pairing,5928,98.8,9,8,65,64,4.13,4.18,52.9,50.4,49.7,Toronto Maple Leafs,1873.124,52,31.58,-0.179
Myers-Rielly,"['Myers Philippe', 'Rielly Morgan']",pairing,5246,87.4,9,4,89,107,4.87,6.01,69.2,45.4,44.8,Toronto Maple Leafs,2296.384,45,30.88,-0.16
McCabe-Tanev,"['McCabe Jake', 'Tanev Chris']",pairing,5178,86.3,8,10,79,104,5.65,5.98,44.4,43.2,48.6,Toronto Maple Leafs,1609.537,44,30.59,-0.223
Rielly-Stecher,"['Rielly Morgan', 'Stecher Troy']",pairing,3745,62.4,5,6,51,67,3.07,4.3,45.5,43.2,41.7,Toronto Maple Leafs,12681.267,32,30.76,0.694
McCabe-Rielly,"['McCabe Jake', 'Rielly Morgan']",pairing,2092,34.9,0,2,3,6,0.14,0.37,0.0,33.3,26.6,Toronto Maple Leafs,2899.581,23,39.58,0.08
Benoit-Carlo,"['Benoit Simon', 'Carlo Brandon']",pairing,1301,21.7,0,3,13,11,0.67,0.64,0.0,54.2,51.2,Toronto Maple Leafs,1890.71,5,13.84,-0.565
Benoit-Rielly,"['Benoit Simon', 'Rielly Morgan']",pairing,1254,20.9,0,3,22,28,0.92,1.63,0.0,44.0,36.0,Toronto Maple Leafs,2425.474,9,25.84,-0.259
McCabe-Myers,"['McCabe Jake', 'Myers Philippe']",pairing,914,15.2,2,3,14,22,0.88,1.35,40.0,38.9,39.3,Toronto Maple Leafs,2211.449,9,35.45,-0.067
Carlo-Stecher,"['Carlo Brandon', 'Stecher Troy']",pairing,599,10.0,0,0,3,7,0.21,0.34,,30.0,38.4,Toronto Maple Leafs,9926.257,5,30.05,0.451
Carlo-Myers,"['Carlo Brandon', 'Myers Philippe']",pairing,287,4.8,0,0,1,1,0.04,0.03,,50.0,51.4,Toronto Maple Leafs,1694.866,3,37.63,
Myers-Stecher,"['Myers Philippe', 'Stecher Troy']",pairing,278,4.6,0,0,0,0,0.0,0.0,,,,Toronto Maple Leafs,9829.335,1,12.95,
Marino-Schmidt,"['Marino John', 'Schmidt Nate']",pairing,40159,669.3,38,42,438,438,25.61,26.07,47.5,50.0,49.6,Utah Mammoth,3169.126,419,37.56,0.058
Cole-DeSimone,"['Cole Ian', 'DeSimone Nick']",pairing,11942,199.0,10,9,103,89,6.75,4.53,52.6,53.6,59.8,Utah Mammoth,3021.036,87,26.23,-0.201
Cole-Durzi,"['Cole Ian', 'Durzi Sean']",pairing,10465,174.4,12,8,67,51,4.15,2.62,60.0,56.8,61.2,Utah Mammoth,3628.199,80,27.52,-0.123
Cole-Maatta,"['Cole Ian', 'Maatta Olli']",pairing,6522,108.7,8,13,94,80,5.21,5.03,38.1,54.0,50.9,Utah Mammoth,10883.583,43,23.74,0.393
Durzi-Schmidt,"['Durzi Sean', 'Schmidt Nate']",pairing,4551,75.8,5,1,28,27,1.32,1.44,83.3,50.9,47.7,Utah Mammoth,3695.636,47,37.18,0.093
Cole-Marino,"['Cole Ian', 'Marino John']",pairing,4378,73.0,4,2,45,32,2.34,1.79,66.7,58.4,56.7,Utah Mammoth,3082.323,32,26.31,-0.195
Cole-Schmidt,"['Cole Ian', 'Schmidt Nate']",pairing,2914,48.6,0,8,14,29,0.79,1.68,0.0,32.6,31.9,Utah Mammoth,3221.799,20,24.71,-0.218
Cole-Lamoureux,"['Cole Ian', 'Lamoureux Maveric']",pairing,2903,48.4,2,2,35,18,1.81,1.04,50.0,66.0,63.6,Utah Mammoth,2362.829,22,27.28,-0.233
Durzi-Weegar,"['Durzi Sean', 'Weegar MacKenzie']",pairing,2775,46.2,0,3,13,15,0.88,0.81,0.0,46.4,52.1,Utah Mammoth,5672.56,16,20.76,-0.102
Durzi-Marino,"['Durzi Sean', 'Marino John']",pairing,1997,33.3,0,0,4,1,0.19,0.08,,80.0,70.8,Utah Mammoth,3501.747,22,39.66,
DeSimone-Durzi,"['DeSimone Nick', 'Durzi Sean']",pairing,1512,25.2,1,2,9,22,0.47,1.45,33.3,29.0,24.4,Utah Mammoth,3370.385,15,35.71,0.034
Maatta-Marino,"['Maatta Olli', 'Marino John']",pairing,1298,21.6,2,2,20,17,1.29,1.13,50.0,54.1,53.5,Utah Mammoth,10706.236,19,52.7,1.01
DeSimone-Maatta,"['DeSimone Nick', 'Maatta Olli']",pairing,1258,21.0,0,1,9,5,0.39,0.25,0.0,64.3,60.8,Utah Mammoth,10459.997,8,22.89,0.339
DeSimone-Schmidt,"['DeSimone Nick', 'Schmidt Nate']",pairing,1245,20.8,1,3,16,18,1.02,1.19,25.0,47.1,46.2,Utah Mammoth,3096.106,11,31.81,-0.073
DeSimone-Marino,"['DeSimone Nick', 'Marino John']",pairing,850,14.2,2,0,4,1,0.18,0.03,100.0,80.0,85.0,Utah Mammoth,2946.567,5,21.18,
Schmidt-Weegar,"['Schmidt Nate', 'Weegar MacKenzie']",pairing,849,14.2,0,1,8,7,0.28,0.39,0.0,53.3,41.9,Utah Mammoth,5230.376,9,38.16,0.241
Maatta-Schmidt,"['Maatta Olli', 'Schmidt Nate']",pairing,833,13.9,0,0,7,6,0.63,0.41,,53.8,60.8,Utah Mammoth,11209.844,12,51.86,1.034
Marino-Weegar,"['Marino John', 'Weegar MacKenzie']",pairing,737,12.3,0,0,4,8,0.16,0.43,,33.3,27.1,Utah Mammoth,4974.931,7,34.19,0.134
Cole-Weegar,"['Cole Ian', 'Weegar MacKenzie']",pairing,705,11.8,0,1,4,3,0.32,0.16,0.0,57.1,66.8,Utah Mammoth,5107.623,6,30.64,
DeSimone-Weegar,"['DeSimone Nick', 'Weegar MacKenzie']",pairing,580,9.7,1,1,8,9,0.31,0.42,50.0,47.1,42.8,Utah Mammoth,4823.174,1,6.21,-0.49
Durzi-Maatta,"['Durzi Sean', 'Maatta Olli']",pairing,444,7.4,1,0,7,1,0.74,0.1,100.0,87.5,88.6,Utah Mammoth,12486.483,2,16.22,0.361
Lamoureux-Szuber,"['Lamoureux Maveric', 'Szuber Maksymilian']",pairing,415,6.9,1,0,3,3,0.11,0.21,100.0,50.0,34.1,Utah Mammoth,,0,0.0,
Lamoureux-Schmidt,"['Lamoureux Maveric', 'Schmidt Nate']",pairing,191,3.2,0,0,0,0,0.0,0.0,,,,Utah Mammoth,2437.941,4,75.39,
Durzi-Lamoureux,"['Durzi Sean', 'Lamoureux Maveric']",pairing,129,2.1,0,0,3,1,0.22,0.02,,75.0,92.3,Utah Mammoth,2737.225,1,27.91,
Lamoureux-Marino,"['Lamoureux Maveric', 'Marino John']",pairing,102,1.7,0,0,0,0,0.0,0.0,,,,Utah Mammoth,2331.301,3,105.88,
Hronek-Pettersson,"['Hronek Filip', 'Pettersson Elias']",pairing,26393,439.9,34,52,339,381,20.93,23.38,39.5,47.1,47.2,Vancouver Canucks,2713.181,329,44.88,-0.207
Pettersson-Willander,"['Pettersson Marcus', 'Willander Tom']",pairing,25099,418.3,27,31,227,274,13.63,17.63,46.6,45.3,43.6,Vancouver Canucks,2068.464,146,20.94,-0.244
Hronek-Hughes,"['Hronek Filip', 'Hughes Quinn']",pairing,17844,297.4,26,29,245,257,15.87,15.61,47.3,48.8,50.4,Vancouver Canucks,15508.917,220,44.38,1.225
Pettersson-Pettersson,"['Pettersson Elias', 'Pettersson Marcus']",pairing,16737,278.9,24,21,183,184,11.79,12.0,53.3,49.9,49.6,Vancouver Canucks,2612.215,63,13.55,-0.512
Pettersson-Willander,"['Pettersson Elias', 'Willander Tom']",pairing,14978,249.6,24,25,179,192,11.19,12.89,49.0,48.2,46.5,Vancouver Canucks,2190.967,114,27.4,-0.244
Myers-Pettersson,"['Myers Tyler', 'Pettersson Marcus']",pairing,14930,248.8,20,11,170,152,11.1,9.03,64.5,52.8,55.1,Vancouver Canucks,3581.963,105,25.32,-0.192
Buium-Hronek,"['Buium Zeev', 'Hronek Filip']",pairing,14235,237.2,11,20,112,143,6.7,8.61,35.5,43.9,43.8,Vancouver Canucks,6232.759,171,43.25,0.435
Hronek-Pettersson,"['Hronek Filip', 'Pettersson Marcus']",pairing,13837,230.6,16,37,150,192,9.09,12.91,30.2,43.9,41.3,Vancouver Canucks,2597.174,106,27.58,-0.207
Myers-Pettersson,"['Myers Tyler', 'Pettersson Elias']",pairing,13590,226.5,12,17,137,146,8.4,8.77,41.4,48.4,48.9,Vancouver Canucks,3978.31,87,23.05,-0.192
Hughes-Pettersson,"['Hughes Quinn', 'Pettersson Elias']",pairing,8702,145.0,12,20,137,150,9.02,8.75,37.5,47.7,50.8,Vancouver Canucks,13753.832,219,90.6,2.089
Buium-Pettersson,"['Buium Zeev', 'Pettersson Elias']",pairing,7271,121.2,9,18,83,108,4.48,6.66,33.3,43.5,40.2,Vancouver Canucks,5826.773,91,45.06,0.441
Buium-Myers,"['Buium Zeev', 'Myers Tyler']",pairing,4861,81.0,1,6,35,45,1.76,2.68,14.3,43.8,39.7,Vancouver Canucks,9055.348,28,20.74,0.176
Joseph-Myers,"['Joseph Pierre-Olivier', 'Myers Tyler']",pairing,4568,76.1,2,4,31,24,1.76,1.29,33.3,56.4,57.7,Vancouver Canucks,3414.363,28,22.07,-0.26
Joseph-Pettersson,"['Joseph Pierre-Olivier', 'Pettersson Elias']",pairing,4459,74.3,4,2,28,21,1.48,1.51,66.7,57.1,49.5,Vancouver Canucks,2518.556,23,18.57,-0.41
Mancini-Pettersson,"['Mancini Victor', 'Pettersson Elias']",pairing,4189,69.8,2,7,39,71,1.83,3.91,22.2,35.5,31.9,Vancouver Canucks,2031.213,23,19.77,-0.389
Buium-Mancini,"['Buium Zeev', 'Mancini Victor']",pairing,4035,67.2,5,5,45,53,2.54,3.01,50.0,45.9,45.8,Vancouver Canucks,4606.41,26,23.2,-0.137
Hughes-Myers,"['Hughes Quinn', 'Myers Tyler']",pairing,3697,61.6,0,7,26,24,1.3,1.5,0.0,52.0,46.5,Vancouver Canucks,23306.174,31,30.19,1.558
Hughes-Willander,"['Hughes Quinn', 'Willander Tom']",pairing,2776,46.3,3,5,40,33,2.16,1.67,37.5,54.8,56.4,Vancouver Canucks,12595.931,20,25.94,0.582
Buium-Willander,"['Buium Zeev', 'Willander Tom']",pairing,2627,43.8,5,4,28,28,1.65,2.03,55.6,50.0,44.8,Vancouver Canucks,5022.461,39,53.44,0.558
Buium-Joseph,"['Buium Zeev', 'Joseph Pierre-Olivier']",pairing,2620,43.7,4,3,38,37,2.37,2.64,57.1,50.7,47.3,Vancouver Canucks,5735.469,17,23.36,-0.04
Mancini-Pettersson,"['Mancini Victor', 'Pettersson Marcus']",pairing,2582,43.0,2,2,34,33,1.76,2.1,50.0,50.7,45.6,Vancouver Canucks,1782.903,16,22.31,-0.389
Hronek-Willander,"['Hronek Filip', 'Willander Tom']",pairing,1725,28.8,3,5,28,53,1.59,3.48,37.5,34.6,31.4,Vancouver Canucks,2225.605,29,60.52,0.482
Joseph-Pettersson,"['Joseph Pierre-Olivier', 'Pettersson Marcus']",pairing,1569,26.1,0,0,2,3,0.14,0.25,,40.0,35.4,Vancouver Canucks,2275.166,8,18.36,-0.41
Mancini-Willander,"['Mancini Victor', 'Willander Tom']",pairing,1530,25.5,2,1,11,13,0.61,0.7,66.7,45.8,46.5,Vancouver Canucks,1563.064,4,9.41,-0.689
Joseph-Willander,"['Joseph Pierre-Olivier', 'Willander Tom']",pairing,1412,23.5,2,2,11,5,0.77,0.5,50.0,68.8,60.7,Vancouver Canucks,1979.28,10,25.5,-0.303
Forbort-Pettersson,"['Forbort Derek', 'Pettersson Elias']",pairing,1203,20.1,2,2,17,16,1.13,1.37,50.0,51.5,45.1,Vancouver Canucks,,0,0.0,
Hronek-Joseph,"['Hronek Filip', 'Joseph Pierre-Olivier']",pairing,1149,19.1,1,1,5,2,0.29,0.1,50.0,71.4,73.9,Vancouver Canucks,2487.895,7,21.93,
Forbort-Hronek,"['Forbort Derek', 'Hronek Filip']",pairing,1044,17.4,1,2,15,15,0.81,0.87,33.3,50.0,48.1,Vancouver Canucks,,0,0.0,
Joseph-Mancini,"['Joseph Pierre-Olivier', 'Mancini Victor']",pairing,959,16.0,0,1,3,2,0.08,0.11,0.0,60.0,41.0,Vancouver Canucks,1695.835,7,26.28,
Hronek-Myers,"['Hronek Filip', 'Myers Tyler']",pairing,918,15.3,0,1,5,5,0.31,0.26,0.0,50.0,54.8,Vancouver Canucks,3921.709,7,27.45,-0.1
Hughes-Mancini,"['Hughes Quinn', 'Mancini Victor']",pairing,888,14.8,1,4,8,12,0.75,0.87,20.0,40.0,46.3,Vancouver Canucks,12014.334,7,28.38,0.587
Forbort-Mancini,"['Forbort Derek', 'Mancini Victor']",pairing,427,7.1,0,0,0,0,0.0,0.0,,,,Vancouver Canucks,,0,0.0,
Hronek-Mancini,"['Hronek Filip', 'Mancini Victor']",pairing,419,7.0,0,0,4,11,0.11,0.65,,26.7,14.6,Vancouver Canucks,1970.744,4,34.37,-0.11
Buium-Pettersson,"['Buium Zeev', 'Pettersson Marcus']",pairing,358,6.0,0,0,0,0,0.0,0.0,,,,Vancouver Canucks,5957.779,2,20.11,0.441
Myers-Willander,"['Myers Tyler', 'Willander Tom']",pairing,347,5.8,0,0,0,0,0.0,0.0,,,,Vancouver Canucks,3118.877,2,20.75,
Hughes-Pettersson,"['Hughes Quinn', 'Pettersson Marcus']",pairing,335,5.6,0,0,1,4,0.06,0.11,,20.0,35.3,Vancouver Canucks,15222.666,3,32.24,2.089
Forbort-Myers,"['Forbort Derek', 'Myers Tyler']",pairing,173,2.9,0,0,0,0,0.0,0.0,,,,Vancouver Canucks,,0,0.0,
Hughes-Joseph,"['Hughes Quinn', 'Joseph Pierre-Olivier']",pairing,172,2.9,1,1,3,3,0.24,0.15,50.0,50.0,61.2,Vancouver Canucks,14735.666,0,0.0,
McNabb-Theodore,"['McNabb Brayden', 'Theodore Shea']",pairing,50204,836.7,56,47,458,437,28.86,25.28,54.4,51.2,53.3,Vegas Golden Knights,1709.817,319,22.87,-0.383
Andersson-Hanifin,"['Andersson Rasmus', 'Hanifin Noah']",pairing,30093,501.6,22,13,215,206,13.06,12.48,62.9,51.1,51.1,Vegas Golden Knights,3345.999,146,17.47,-0.366
Korczak-Lauzon,"['Korczak Kaedan', 'Lauzon Jeremy']",pairing,20847,347.4,26,32,247,204,15.04,11.84,44.8,54.8,56.0,Vegas Golden Knights,1672.719,102,17.61,-0.501
Hanifin-Whitecloud,"['Hanifin Noah', 'Whitecloud Zach']",pairing,18884,314.7,25,30,290,268,17.6,14.56,45.5,52.0,54.7,Vegas Golden Knights,5026.554,202,38.51,0.232
Hutton-Korczak,"['Hutton Ben', 'Korczak Kaedan']",pairing,13663,227.7,19,23,174,160,11.33,9.57,45.2,52.1,54.2,Vegas Golden Knights,2332.767,92,24.24,-0.302
Lauzon-Theodore,"['Lauzon Jeremy', 'Theodore Shea']",pairing,9555,159.2,9,4,80,54,4.85,2.72,69.2,59.7,64.1,Vegas Golden Knights,1755.198,68,25.62,-0.319
Hanifin-Korczak,"['Hanifin Noah', 'Korczak Kaedan']",pairing,9403,156.7,18,7,144,113,8.38,5.8,72.0,56.0,59.1,Vegas Golden Knights,2068.285,91,34.84,-0.092
Korczak-McNabb,"['Korczak Kaedan', 'McNabb Brayden']",pairing,9136,152.3,8,8,51,55,3.06,3.48,50.0,48.1,46.8,Vegas Golden Knights,1607.312,78,30.74,-0.219
Andersson-Lauzon,"['Andersson Rasmus', 'Lauzon Jeremy']",pairing,7906,131.8,15,14,60,67,3.86,4.22,51.7,47.2,47.8,Vegas Golden Knights,2863.433,23,10.47,-0.558
Hanifin-Hutton,"['Hanifin Noah', 'Hutton Ben']",pairing,6870,114.5,12,8,120,97,7.95,5.86,60.0,55.3,57.6,Vegas Golden Knights,2290.11,54,28.3,-0.216
Hutton-Whitecloud,"['Hutton Ben', 'Whitecloud Zach']",pairing,6308,105.1,2,2,50,52,2.69,2.44,50.0,49.0,52.5,Vegas Golden Knights,5634.314,53,30.25,0.102
Lauzon-Whitecloud,"['Lauzon Jeremy', 'Whitecloud Zach']",pairing,5420,90.3,5,5,64,60,3.92,3.17,50.0,51.6,55.2,Vegas Golden Knights,4035.098,27,17.93,-0.299
Coghlan-Hutton,"['Coghlan Dylan', 'Hutton Ben']",pairing,5115,85.2,3,4,29,33,2.15,1.76,42.9,46.8,54.9,Vegas Golden Knights,832.504,17,11.96,-0.693
Hanifin-Theodore,"['Hanifin Noah', 'Theodore Shea']",pairing,2804,46.7,1,2,5,10,0.31,0.73,33.3,33.3,29.8,Vegas Golden Knights,2093.097,36,46.22,0.159
Coghlan-Theodore,"['Coghlan Dylan', 'Theodore Shea']",pairing,2636,43.9,3,3,19,22,1.12,1.39,50.0,46.3,44.7,Vegas Golden Knights,781.003,0,0.0,-0.959
Andersson-Theodore,"['Andersson Rasmus', 'Theodore Shea']",pairing,2209,36.8,0,2,17,21,1.01,1.32,0.0,44.7,43.2,Vegas Golden Knights,3581.778,28,45.63,0.268
Coghlan-Lauzon,"['Coghlan Dylan', 'Lauzon Jeremy']",pairing,1936,32.3,0,0,8,4,0.46,0.22,,66.7,68.1,Vegas Golden Knights,597.533,0,0.0,-0.974
Coghlan-Hanifin,"['Coghlan Dylan', 'Hanifin Noah']",pairing,1907,31.8,1,1,14,14,0.8,0.9,50.0,50.0,47.1,Vegas Golden Knights,734.507,1,1.89,-0.921
Hutton-Theodore,"['Hutton Ben', 'Theodore Shea']",pairing,1823,30.4,2,1,8,6,0.54,0.49,66.7,57.1,52.2,Vegas Golden Knights,2433.316,11,21.72,-0.348
Coghlan-Korczak,"['Coghlan Dylan', 'Korczak Kaedan']",pairing,1558,26.0,0,0,1,1,0.15,0.07,,50.0,67.2,Vegas Golden Knights,751.712,0,0.0,
Hutton-Lauzon,"['Hutton Ben', 'Lauzon Jeremy']",pairing,1286,21.4,3,0,22,20,1.37,0.9,100.0,52.4,60.5,Vegas Golden Knights,1852.643,5,14.0,-0.565
Hanifin-McNabb,"['Hanifin Noah', 'McNabb Brayden']",pairing,1147,19.1,0,1,1,4,0.12,0.22,0.0,20.0,34.6,Vegas Golden Knights,1614.873,4,12.55,
McNabb-Whitecloud,"['McNabb Brayden', 'Whitecloud Zach']",pairing,1066,17.8,2,2,9,7,0.54,0.49,50.0,56.2,52.8,Vegas Golden Knights,3866.097,9,30.39,-0.041
Korczak-Theodore,"['Korczak Kaedan', 'Theodore Shea']",pairing,1055,17.6,0,0,0,0,0.0,0.0,,,,Vegas Golden Knights,2197.539,2,6.82,
Megna-Whitecloud,"['Megna Jaycob', 'Whitecloud Zach']",pairing,943,15.7,0,4,18,31,1.13,1.74,0.0,36.7,39.4,Vegas Golden Knights,4090.46,6,22.91,-0.186
Hanifin-Lauzon,"['Hanifin Noah', 'Lauzon Jeremy']",pairing,806,13.4,0,0,2,0,0.26,0.0,,100.0,100.0,Vegas Golden Knights,1653.676,4,17.87,
Lauzon-McNabb,"['Lauzon Jeremy', 'McNabb Brayden']",pairing,710,11.8,0,0,0,0,0.0,0.0,,,,Vegas Golden Knights,1270.777,6,30.42,
Andersson-McNabb,"['Andersson Rasmus', 'McNabb Brayden']",pairing,567,9.4,0,0,0,1,0.0,0.12,,0.0,0.0,Vegas Golden Knights,2810.092,1,6.35,
Korczak-Whitecloud,"['Korczak Kaedan', 'Whitecloud Zach']",pairing,514,8.6,1,0,9,8,0.81,0.44,100.0,52.9,64.9,Vegas Golden Knights,5087.142,1,7.0,-0.451
Andersson-Hutton,"['Andersson Rasmus', 'Hutton Ben']",pairing,512,8.5,0,0,2,1,0.09,0.09,,66.7,49.3,Vegas Golden Knights,3956.833,1,7.03,
Theodore-Whitecloud,"['Theodore Shea', 'Whitecloud Zach']",pairing,442,7.4,0,0,0,0,0.0,0.0,,,,Vegas Golden Knights,5335.577,1,8.14,
Coghlan-Davies,"['Coghlan Dylan', 'Davies Jeremy']",pairing,385,6.4,0,0,0,0,0.0,0.0,,,,Vegas Golden Knights,,9,84.16,
Hutton-McNabb,"['Hutton Ben', 'McNabb Brayden']",pairing,315,5.2,0,1,5,11,0.38,0.79,0.0,31.2,32.2,Vegas Golden Knights,1780.395,1,11.43,-0.627
Andersson-Coghlan,"['Andersson Rasmus', 'Coghlan Dylan']",pairing,275,4.6,0,0,0,0,0.0,0.0,,,,Vegas Golden Knights,1267.208,0,0.0,
Coghlan-McNabb,"['Coghlan Dylan', 'McNabb Brayden']",pairing,218,3.6,0,0,0,1,0.0,0.02,,0.0,0.0,Vegas Golden Knights,575.473,0,0.0,
Andersson-Korczak,"['Andersson Rasmus', 'Korczak Kaedan']",pairing,212,3.5,0,0,0,0,0.0,0.0,,,,Vegas Golden Knights,3573.829,1,16.98,
Hutton-Megna,"['Hutton Ben', 'Megna Jaycob']",pairing,124,2.1,0,0,0,0,0.0,0.0,,,,Vegas Golden Knights,1883.804,0,0.0,
Korczak-Megna,"['Korczak Kaedan', 'Megna Jaycob']",pairing,104,1.7,0,0,0,0,0.0,0.0,,,,Vegas Golden Knights,1700.664,0,0.0,
Coghlan-Megna,"['Coghlan Dylan', 'Megna Jaycob']",pairing,98,1.6,0,0,0,0,0.0,0.0,,,,Vegas Golden Knights,608.917,1,36.73,
Chychrun-Roy,"['Chychrun Jakob', 'Roy Matt']",pairing,26261,437.7,29,20,258,230,15.44,13.36,59.2,52.9,53.6,Washington Capitals,3524.288,239,32.76,-0.017
Sandin-van,"['Sandin Rasmus', 'van Riemsdyk Trevor']",pairing,13187,219.8,13,18,166,191,9.97,11.01,41.9,46.5,47.5,Washington Capitals,3144.992,94,25.66,-0.204
Chychrun-van,"['Chychrun Jakob', 'van Riemsdyk Trevor']",pairing,13055,217.6,11,11,131,151,7.6,8.73,50.0,46.5,46.5,Washington Capitals,3106.172,85,23.44,-0.255
Roy-Sandin,"['Roy Matt', 'Sandin Rasmus']",pairing,9977,166.3,14,9,98,98,6.02,6.08,60.9,50.0,49.8,Washington Capitals,3590.429,96,34.64,0.029
Carlson-Chychrun,"['Carlson John', 'Chychrun Jakob']",pairing,8070,134.5,8,11,80,68,4.79,4.08,42.1,54.1,54.0,Washington Capitals,6735.042,145,64.68,0.945
Carlson-Sandin,"['Carlson John', 'Sandin Rasmus']",pairing,5948,99.1,3,2,48,47,2.57,2.31,60.0,50.5,52.7,Washington Capitals,6816.442,62,37.53,0.358
Hutson-Roy,"['Hutson Cole', 'Roy Matt']",pairing,5177,86.3,7,3,72,60,4.18,3.25,70.0,54.5,56.3,Washington Capitals,3205.304,30,20.86,-0.303
Chychrun-Sandin,"['Chychrun Jakob', 'Sandin Rasmus']",pairing,5099,85.0,8,2,77,63,5.14,3.74,80.0,55.0,57.9,Washington Capitals,4255.728,49,34.6,0.083
Chisholm-van,"['Chisholm Declan', 'van Riemsdyk Trevor']",pairing,4634,77.2,7,6,40,32,2.56,1.81,53.8,55.6,58.6,Washington Capitals,1995.748,33,25.64,-0.299
Chisholm-Sandin,"['Chisholm Declan', 'Sandin Rasmus']",pairing,3973,66.2,2,1,22,29,1.76,2.08,66.7,43.1,45.9,Washington Capitals,2742.668,46,41.68,0.113
McIlrath-Sandin,"['McIlrath Dylan', 'Sandin Rasmus']",pairing,2807,46.8,9,0,52,52,3.31,3.33,100.0,50.0,49.9,Washington Capitals,1935.081,14,17.96,-0.471
Chisholm-Chychrun,"['Chisholm Declan', 'Chychrun Jakob']",pairing,2476,41.3,4,2,18,19,1.04,1.35,66.7,48.6,43.5,Washington Capitals,2694.667,19,27.63,-0.198
Chychrun-Liljegren,"['Chychrun Jakob', 'Liljegren Timothy']",pairing,1954,32.6,3,3,38,38,2.3,2.19,50.0,50.0,51.3,Washington Capitals,3908.091,8,14.74,-0.379
Carlson-Chisholm,"['Carlson John', 'Chisholm Declan']",pairing,1664,27.7,4,0,23,14,1.32,0.71,100.0,62.2,65.0,Washington Capitals,4335.223,16,34.62,0.09
Roy-van,"['Roy Matt', 'van Riemsdyk Trevor']",pairing,1271,21.2,0,0,6,4,0.28,0.08,,60.0,76.7,Washington Capitals,2611.101,9,25.49,-0.251
Chisholm-Roy,"['Chisholm Declan', 'Roy Matt']",pairing,1162,19.4,0,1,7,9,0.46,0.72,0.0,43.8,39.0,Washington Capitals,2201.542,10,30.98,-0.165
Carlson-Roy,"['Carlson John', 'Roy Matt']",pairing,1033,17.2,2,0,12,11,0.75,0.72,100.0,52.2,50.9,Washington Capitals,5673.91,3,10.45,-0.327
Chisholm-McIlrath,"['Chisholm Declan', 'McIlrath Dylan']",pairing,1020,17.0,2,0,14,13,1.03,0.52,100.0,51.9,66.5,Washington Capitals,1109.462,7,24.71,-0.392
McIlrath-Roy,"['McIlrath Dylan', 'Roy Matt']",pairing,913,15.2,0,4,11,20,0.44,1.29,0.0,35.5,25.6,Washington Capitals,1426.974,7,27.6,-0.303
McIlrath-van,"['McIlrath Dylan', 'van Riemsdyk Trevor']",pairing,673,11.2,4,1,7,5,0.43,0.32,80.0,58.3,57.4,Washington Capitals,1397.098,2,10.7,-0.674
Hutson-Sandin,"['Hutson Cole', 'Sandin Rasmus']",pairing,627,10.4,0,0,0,0,0.0,0.0,,,,Washington Capitals,3750.223,2,11.48,
Chychrun-McIlrath,"['Chychrun Jakob', 'McIlrath Dylan']",pairing,578,9.6,0,0,0,2,0.0,0.13,,0.0,0.0,Washington Capitals,1877.555,5,31.14,
Carlson-van,"['Carlson John', 'van Riemsdyk Trevor']",pairing,534,8.9,1,0,3,2,0.28,0.03,100.0,60.0,89.0,Washington Capitals,4977.714,2,13.48,
Hutson-van,"['Hutson Cole', 'van Riemsdyk Trevor']",pairing,332,5.5,0,0,4,2,0.33,0.06,,66.7,85.1,Washington Capitals,2745.888,2,21.69,
Chychrun-Hutson,"['Chychrun Jakob', 'Hutson Cole']",pairing,283,4.7,0,1,2,1,0.17,0.04,0.0,66.7,79.1,Washington Capitals,3721.11,5,63.6,
Iorio-McIlrath,"['Iorio Vincent', 'McIlrath Dylan']",pairing,242,4.0,2,2,5,3,0.22,0.14,50.0,62.5,61.6,Washington Capitals,11981.472,0,0.0,
Hutson-Liljegren,"['Hutson Cole', 'Liljegren Timothy']",pairing,130,2.2,0,0,4,2,0.13,0.05,,66.7,72.8,Washington Capitals,3495.205,0,0.0,
Liljegren-Sandin,"['Liljegren Timothy', 'Sandin Rasmus']",pairing,107,1.8,0,0,0,0,0.0,0.0,,,,Washington Capitals,3966.877,1,33.64,
Chisholm-Iorio,"['Chisholm Declan', 'Iorio Vincent']",pairing,94,1.6,0,0,0,0,0.0,0.0,,,,Washington Capitals,17395.851,0,0.0,
DeMelo-Morrissey,"['DeMelo Dylan', 'Morrissey Josh']",pairing,63296,1054.9,79,78,720,753,41.97,45.04,50.3,48.9,48.2,Winnipeg Jets,2615.887,595,33.84,-0.069
Pionk-Samberg,"['Pionk Neal', 'Samberg Dylan']",pairing,24843,414.1,26,27,228,239,13.37,14.91,49.1,48.8,47.3,Winnipeg Jets,3193.418,266,38.55,0.082
Salomonsson-Samberg,"['Salomonsson Elias', 'Samberg Dylan']",pairing,21997,366.6,15,22,178,183,10.61,10.26,40.5,49.3,50.8,Winnipeg Jets,2624.27,225,36.82,-0.003
Schenn-Stanley,"['Schenn Luke', 'Stanley Logan']",pairing,16206,270.1,14,17,154,174,8.95,10.99,45.2,47.0,44.9,Winnipeg Jets,2958.936,137,30.43,-0.115
Pionk-Stanley,"['Pionk Neal', 'Stanley Logan']",pairing,13362,222.7,20,13,166,179,10.68,10.19,60.6,48.1,51.2,Winnipeg Jets,3225.241,117,31.52,-0.069
DeMelo-Samberg,"['DeMelo Dylan', 'Samberg Dylan']",pairing,11141,185.7,8,9,94,84,5.17,4.85,47.1,52.8,51.6,Winnipeg Jets,3054.197,123,39.75,0.097
Morrissey-Pionk,"['Morrissey Josh', 'Pionk Neal']",pairing,10097,168.3,7,15,108,99,6.4,6.21,31.8,52.2,50.8,Winnipeg Jets,2694.319,119,42.43,0.125
DeMelo-Stanley,"['DeMelo Dylan', 'Stanley Logan']",pairing,7876,131.3,11,14,94,98,5.38,6.51,44.0,49.0,45.2,Winnipeg Jets,3096.534,64,29.25,-0.129
Bryson-Fleury,"['Bryson Jacob', 'Fleury Haydn']",pairing,6652,110.9,8,12,74,75,3.88,4.49,40.0,49.7,46.4,Winnipeg Jets,2699.323,69,37.34,0.015
Fleury-Schenn,"['Fleury Haydn', 'Schenn Luke']",pairing,6288,104.8,5,10,81,76,5.5,4.98,33.3,51.6,52.5,Winnipeg Jets,2062.666,33,18.89,-0.441
Miller-Stanley,"['Miller Colin', 'Stanley Logan']",pairing,5274,87.9,9,3,71,64,4.4,3.41,75.0,52.6,56.3,Winnipeg Jets,2961.892,57,38.91,0.071
Fleury-Pionk,"['Fleury Haydn', 'Pionk Neal']",pairing,4091,68.2,0,4,20,23,0.96,1.25,0.0,46.5,43.4,Winnipeg Jets,2245.283,36,31.68,-0.146
Samberg-Schenn,"['Samberg Dylan', 'Schenn Luke']",pairing,3921,65.3,1,5,26,16,1.61,1.24,16.7,61.9,56.6,Winnipeg Jets,2912.095,42,38.56,0.059
Morrissey-Stanley,"['Morrissey Josh', 'Stanley Logan']",pairing,3889,64.8,6,5,45,48,2.71,2.6,54.5,48.4,51.0,Winnipeg Jets,3041.899,27,24.99,-0.227
Morrissey-Salomonsson,"['Morrissey Josh', 'Salomonsson Elias']",pairing,3163,52.7,4,5,31,34,1.43,1.87,44.4,47.7,43.3,Winnipeg Jets,2225.271,46,52.36,0.304
DeMelo-Fleury,"['DeMelo Dylan', 'Fleury Haydn']",pairing,3124,52.1,0,0,8,5,0.51,0.19,,61.5,73.2,Winnipeg Jets,2157.535,29,33.42,-0.116
Miller-Samberg,"['Miller Colin', 'Samberg Dylan']",pairing,2741,45.7,1,0,10,16,0.45,0.61,100.0,38.5,42.1,Winnipeg Jets,2930.823,40,52.54,0.366
Morrissey-Samberg,"['Morrissey Josh', 'Samberg Dylan']",pairing,2708,45.1,1,1,2,2,0.15,0.12,50.0,50.0,55.9,Winnipeg Jets,3018.444,23,30.58,
Morrissey-Schenn,"['Morrissey Josh', 'Schenn Luke']",pairing,2687,44.8,2,2,30,25,1.65,1.28,50.0,54.5,56.4,Winnipeg Jets,2515.405,17,22.78,-0.318
Samberg-Stanley,"['Samberg Dylan', 'Stanley Logan']",pairing,2686,44.8,2,5,29,30,1.37,1.83,28.6,49.2,42.8,Winnipeg Jets,3521.107,22,29.49,-0.089
Salomonsson-Stanley,"['Salomonsson Elias', 'Stanley Logan']",pairing,2468,41.1,2,3,29,40,1.81,2.49,40.0,42.0,42.1,Winnipeg Jets,2653.821,14,20.42,-0.359
DeMelo-Pionk,"['DeMelo Dylan', 'Pionk Neal']",pairing,1893,31.6,1,1,3,3,0.35,0.23,50.0,50.0,60.5,Winnipeg Jets,2778.252,19,36.13,
Fleury-Salomonsson,"['Fleury Haydn', 'Salomonsson Elias']",pairing,1842,30.7,0,0,6,15,0.44,0.78,,28.6,36.1,Winnipeg Jets,1848.012,11,21.5,-0.401
Fleury-Miller,"['Fleury Haydn', 'Miller Colin']",pairing,1818,30.3,2,2,34,28,1.9,1.9,50.0,54.8,50.0,Winnipeg Jets,2062.24,10,19.8,-0.421
Heinola-Schenn,"['Heinola Ville', 'Schenn Luke']",pairing,1812,30.2,1,6,41,33,2.07,1.99,14.3,55.4,51.0,Winnipeg Jets,1945.735,6,11.92,-0.603
Fleury-Morrissey,"['Fleury Haydn', 'Morrissey Josh']",pairing,1608,26.8,2,0,3,3,0.18,0.19,100.0,50.0,49.0,Winnipeg Jets,2116.617,8,17.91,
Fleury-Stanley,"['Fleury Haydn', 'Stanley Logan']",pairing,1216,20.3,3,1,15,21,0.96,1.17,75.0,41.7,45.1,Winnipeg Jets,2494.15,3,8.88,-0.624
DeMelo-Schenn,"['DeMelo Dylan', 'Schenn Luke']",pairing,1216,20.3,0,2,8,13,0.66,0.58,0.0,38.1,52.9,Winnipeg Jets,2560.785,8,23.68,-0.295
Bryson-Samberg,"['Bryson Jacob', 'Samberg Dylan']",pairing,1171,19.5,0,0,3,4,0.24,0.25,,42.9,49.5,Winnipeg Jets,3822.76,7,21.52,
Miller-Morrissey,"['Miller Colin', 'Morrissey Josh']",pairing,1072,17.9,0,1,4,7,0.24,0.31,0.0,36.4,44.3,Winnipeg Jets,2478.877,10,33.58,-0.086
Fleury-Samberg,"['Fleury Haydn', 'Samberg Dylan']",pairing,997,16.6,0,0,3,6,0.12,0.5,,33.3,19.3,Winnipeg Jets,2456.155,11,39.72,0.047
Bryson-Salomonsson,"['Bryson Jacob', 'Salomonsson Elias']",pairing,940,15.7,1,2,11,21,0.84,1.18,33.3,34.4,41.8,Winnipeg Jets,2861.501,5,19.15,-0.369
Bryson-Morrissey,"['Bryson Jacob', 'Morrissey Josh']",pairing,898,15.0,3,1,13,5,0.85,0.24,75.0,72.2,77.9,Winnipeg Jets,3269.773,5,20.04,-0.316
Heinola-Stanley,"['Heinola Ville', 'Stanley Logan']",pairing,858,14.3,0,0,0,0,0.0,0.0,,,,Winnipeg Jets,2352.664,0,0.0,
Bryson-DeMelo,"['Bryson Jacob', 'DeMelo Dylan']",pairing,774,12.9,0,0,0,0,0.0,0.0,,,,Winnipeg Jets,3346.536,10,46.51,
Pionk-Schenn,"['Pionk Neal', 'Schenn Luke']",pairing,708,11.8,0,0,0,0,0.0,0.0,,,,Winnipeg Jets,2667.089,1,5.08,
Fleury-Heinola,"['Fleury Haydn', 'Heinola Ville']",pairing,693,11.6,0,0,1,3,0.06,0.11,,25.0,33.1,Winnipeg Jets,1640.952,7,36.36,
Miller-Schenn,"['Miller Colin', 'Schenn Luke']",pairing,553,9.2,1,0,4,1,0.21,0.06,100.0,80.0,77.5,Winnipeg Jets,2449.336,1,6.51,
Heinola-Miller,"['Heinola Ville', 'Miller Colin']",pairing,466,7.8,0,1,2,6,0.08,0.53,0.0,25.0,13.7,Winnipeg Jets,1956.718,7,54.08,0.319
DeMelo-Salomonsson,"['DeMelo Dylan', 'Salomonsson Elias']",pairing,430,7.2,0,0,0,0,0.0,0.0,,,,Winnipeg Jets,2288.302,4,33.49,
Heinola-Samberg,"['Heinola Ville', 'Samberg Dylan']",pairing,420,7.0,0,0,0,0,0.0,0.0,,,,Winnipeg Jets,2309.589,5,42.86,
DeMelo-Miller,"['DeMelo Dylan', 'Miller Colin']",pairing,399,6.7,0,0,0,0,0.0,0.0,,,,Winnipeg Jets,2552.65,5,45.11,
Bryson-Heinola,"['Bryson Jacob', 'Heinola Ville']",pairing,257,4.3,0,0,0,0,0.0,0.0,,,,Winnipeg Jets,2553.266,2,28.02,
Bryson-Pionk,"['Bryson Jacob', 'Pionk Neal']",pairing,239,4.0,0,0,5,0,0.23,0.0,,100.0,100.0,Winnipeg Jets,3473.642,1,15.06,
Heinola-Salomonsson,"['Heinola Ville', 'Salomonsson Elias']",pairing,224,3.7,0,0,0,0,0.0,0.0,,,,Winnipeg Jets,1752.218,1,16.07,
DeMelo-Heinola,"['DeMelo Dylan', 'Heinola Ville']",pairing,220,3.7,0,0,0,0,0.0,0.0,,,,Winnipeg Jets,2040.035,5,81.82,
Salomonsson-Schenn,"['Salomonsson Elias', 'Schenn Luke']",pairing,192,3.2,0,0,0,0,0.0,0.0,,,,Winnipeg Jets,2194.595,0,0.0,
Pionk-Salomonsson,"['Pionk Neal', 'Salomonsson Elias']",pairing,178,3.0,0,0,0,0,0.0,0.0,,,,Winnipeg Jets,2368.079,1,20.22,
Heinola-Morrissey,"['Heinola Ville', 'Morrissey Josh']",pairing,116,1.9,0,0,0,0,0.0,0.0,,,,Winnipeg Jets,2014.404,2,62.07,
Miller-Pionk,"['Miller Colin', 'Pionk Neal']",pairing,114,1.9,0,0,0,0,0.0,0.0,,,,Winnipeg Jets,2639.301,0,0.0,
